Game,Platform,Release Date,Genres,Rating,Average Hours,Minimum PC Requirements,Developer,Image Link
Imperial Glory,PC,2005-07-07,Strategy,4.21,170.0,Minimum:OS: Windows XPProcessor: 1 GHz ProcessorMemory: 256 MB RAMGraphics: 3D graphics card compatible with DirectX 7DirectX: Version 7.0Storage: 2 GB available spaceSound Card: DirectX 9 compatible sound,Pyro Studios,//upload.wikimedia.org/wikipedia/en/thumb/9/9e/Imperialglorycover.jpg/220px-Imperialglorycover.jpg
Stronghold Kingdoms,PC,2011-12-01,Strategy,2.59,100.07,OS: Windows XP SP2 Windows Vista SP1 or Windows 7/8/10 (Windows Update Recommended)Processor: 1GHz or FasterMemory: 512Mb RAM for Windows XP (1GB for Windows Vista & 7)Hard Disk Space: 150 Mb of Hard Drive SpaceVideo Card: DirectX 9 Compatible Graphics Card,Firefly Studios,//upload.wikimedia.org/wikipedia/en/thumb/2/26/SHK-logo.png/220px-SHK-logo.png
Grand Theft Auto V,PC,2013-09-17,Adventure,4.48,85.34,Minimum:OS: Windows 8.1 64 Bit Windows 8 64 Bit Windows 7 64 Bit Service Pack 1 Windows Vista 64 Bit Service Pack 2* (*NVIDIA video card recommended if running Vista OS)Processor: Intel Core 2 Quad CPU Q6600 @ 2.40GHz (4 CPUs) / AMD Phenom 9850 Quad-Core Processor (4 CPUs) @ 2.5GHzMemory: 4 GB RAMGraphics: NVIDIA 9800 GT 1GB / AMD HD 4870 1GB (DX 10 10.1 11)Storage: 65 GB available spaceSound Card: 100% DirectX 10 compatibleAdditional Notes: Over time downloadable content and programming changes will change the system requirements for this game.  Please refer to your hardware manufacturer and www.rockstargames.com/support for current compatibility information. Some system components such as mobile chipsets integrated and AGP graphics cards may be incompatible. Unlisted specifications may not be supported by publisher.     Other requirements:  Installation and online play requires log-in to Rockstar Games Social Club (13+) network; internet connection required for activation online play and periodic entitlement verification; software installations required including Rockstar Games Social Club platform DirectX  Chromium and Microsoft Visual C++ 2008 sp1 Redistributable Package and authentication software that recognizes certain hardware attributes for entitlement digital rights management system and other support purposes.     SINGLE USE SERIAL CODE REGISTRATION VIA INTERNET REQUIRED; REGISTRATION IS LIMITED TO ONE ROCKSTAR GAMES SOCIAL CLUB ACCOUNT (13+) PER SERIAL CODE; ONLY ONE PC LOG-IN ALLOWED PER SOCIAL CLUB ACCOUNT AT ANY TIME; SERIAL CODE(S) ARE NON-TRANSFERABLE ONCE USED; SOCIAL CLUB ACCOUNTS ARE NON-TRANSFERABLE.  Partner Requirements:  Please check the terms of service of this site before purchasing this software.,Rockstar North,//upload.wikimedia.org/wikipedia/en/thumb/a/a5/Grand_Theft_Auto_V.png/220px-Grand_Theft_Auto_V.png
Football Manager 2016,PC,2015-11-13,Strategy,4.16,85.06,Minimum:OS: Windows Vista 7 8 10Processor: Intel Pentium 4 Intel Core AMD Athlon 2.2GHz+Memory: 2 GB RAMGraphics: NVidia GeForce FX 5900 Ultra ATI Radeon 9800 Pro Intel GMA X3100 256MB VRAMDirectX: Version 9.0cStorage: 3 GB available spaceAdditional Notes: Earlier cards may only display 2D Match Viewer Mode and are not supported.  Earlier cards may require the DirectX 9.0 SDK is installed to run the game. Laptop versions of these chipsets may work but are not supported.,Sports Interactive,//upload.wikimedia.org/wikipedia/en/thumb/a/a5/Football_Manager_2016_cover.jpg/220px-Football_Manager_2016_cover.jpg
NBA 2K16,PC,2015-09-25,Sports,2.95,82.78,Minimum:OS: Windows 7 64-bit Windows 8.1 64-bit or Windows 10 64-bitProcessor: Intel Core2 Duo or better (SSE3 or later)Memory: 4 GB RAMGraphics: DirectX 10.1 compatible (512 MB) or betterDirectX: Version 10Storage: 50 GB available spaceSound Card: DirectX 9.0x compatibleAdditional Notes: Dual-analog gamepad; Additional Notes: Initial installation requires one-time internet connection for Steam authentication; software installations required (included with the game) include DirectX and Visual C++ Redistributable 2010.,Visual Concepts,//upload.wikimedia.org/wikipedia/en/thumb/e/e0/NBA_2K16_cover_art.jpg/220px-NBA_2K16_cover_art.jpg
Star Trek Online,PC,2012-01-31,Massively Multiplayer,2.78,70.02,OS: Windows XP SP2 / Windows Vista / Windows 7Processor: Intel Core 2 Duo 1.8 Ghz or AMD Athlon X2 +3800Memory: 1GB RAMGraphics: NVIDIA GeForce 7800 / ATI Radeon X1800 / Intel HD GraphicsDirectX(r): Version 9.0c or HigherHard Drive: 10GB Free Disk SpaceNetwork: Broadband Internet Connection Required,Cryptic Studios,//upload.wikimedia.org/wikipedia/en/thumb/e/e2/Star_Trek_Online_cover.jpg/220px-Star_Trek_Online_cover.jpg
Rocksmith 2014,PC,2013-10-22,Arcade,3.89,69.26,Minimum:OS:Windows Vista Windows 7 Windows 8Processor:2.66 GHz Intel Core2 Duo E6750 or 2.8 GHz AMD Athlon 64 X2 5600+Memory:2 GB RAMGraphics:256 MB DirectX 9 / NVIDIA(r) GeForce(r) 8600 GT or ATI Radeon(tm) HD 2600 XTHard Drive:12 GB HD spaceSound:DirectX 9.0c-compliant,Ubisoft San Francisco,//upload.wikimedia.org/wikipedia/en/thumb/a/ae/Rocksmith_2014_cover.jpg/220px-Rocksmith_2014_cover.jpg
Mortal Kombat X,PC,2015-04-07,Action,3.87,68.37,Minimum:OS: 64-bit: Vista Win 7 Win 8 Win 10Processor: Intel Core i5-750 2.67 GHz | AMD Phenom II X4 965 3.4 GHzMemory: 3 GB RAMGraphics: NVIDIA GeForce GTX 460 | AMD Radeon HD 5850DirectX: Version 11Network: Broadband Internet connectionStorage: 36 GB available space,NetherRealm Studios,//upload.wikimedia.org/wikipedia/en/thumb/d/d0/Mortal_Kombat_X_Cover_Art.png/220px-Mortal_Kombat_X_Cover_Art.png
APB Reloaded,PC,2011-12-06,Shooter,2.26,66.94,Minimum:OS:Windows XPProcessor:Intel Core 2 Duo E6420 (2.13GHz) or AMD Athlon x2 5800+ (3.0GHz)Memory:3 GB RAMGraphics:GeForce 7800 with 256MB and support for Pixel Shader 3.0 or AMD equivalentDirectX(r):dx90cHard Drive:7 GB HD spaceOther Requirements:Broadband Internet connection,Realtime Worlds,//upload.wikimedia.org/wikipedia/en/thumb/f/f1/All_Points_Bulletin.jpg/220px-All_Points_Bulletin.jpg
Terraria,PC,2011-05-16,Platformer,4.01,65.11,REQUIREDOS: Windows Xp Vista 7 8/8.1 10 Processor: 2.0 Ghz Memory: 2.5GBHard Disk Space: 200MB  Video Card: 128mb Video Memory capable of Shader Model 2.0+ DirectX(r): 9.0c or Greater,Re-Logic,//upload.wikimedia.org/wikipedia/en/thumb/4/42/TerrariaLogo2.png/220px-TerrariaLogo2.png
Fallout 4,PC,2015-11-09,Action,3.77,64.45,Minimum:OS: Windows 7/8/10 (64-bit OS required)Processor: Intel Core i5-2300 2.8 GHz/AMD Phenom II X4 945 3.0 GHz or equivalentMemory: 8 GB RAMGraphics: NVIDIA GTX 550 Ti 2GB/AMD Radeon HD 7870 2GB or equivalentStorage: 30 GB available space,Bethesda Game Studios,//upload.wikimedia.org/wikipedia/en/thumb/7/70/Fallout_4_cover_art.jpg/220px-Fallout_4_cover_art.jpg
Borderlands 2,PC,2012-09-18,Shooter,4.05,58.73,Minimum:OS: Windows XP SP3Processor: 2.4 GHz Dual Core ProcessorMemory: 2 GB(XP)/ 2 GB(Vista)Hard Disk Space: 13 GB freeVideo Memory: 256 MBVideo Card: NVIDIA GeForce 8500 /ATI Radeon HD 2600Sound: DirectX 9.0c CompatibleOther Requirements:Initial installation requires one-time internet connection for Steam authentication; software installations required (included with the game) include Steam Client DirectX 9 Microsoft .NET 4 Framework Visual C++ Redistributable 2005 Visual C++ Redistributable 2008 Visual C++ Redistributable 2010 and AMD CPU Drivers (XP Only/AMD Only),Gearbox Software,//upload.wikimedia.org/wikipedia/en/thumb/5/51/Borderlands_2_cover_art.png/220px-Borderlands_2_cover_art.png
Hearts of Iron III,PC,2009-08-06,Strategy,3.55,57.29,Operating System: Microsoft(r) Windows(r) 2000/XP/Vista                Processor: Intel Pentium IV 2.4 GHz or AMD 3500+                 Memory: 2 GB of RAM                Hard Disk Space: 2 GB                Video Card: NVIDIA GeForce 8800 or ATI Radeon X1900 videocard                Sound: Direct X-compatible sound card                DirectX(r): Direct X 9.0,Paradox Development Studio,//upload.wikimedia.org/wikipedia/en/thumb/a/a3/HeartsofIron3_temp_packshot1.jpg/220px-HeartsofIron3_temp_packshot1.jpg
Farming Simulator 2011,PC,2010-10-18,Family,0.0,54.75,Minimum:OS: Microsoft Windows XP Vista and 7Processor: 2.0 GHz Intel or equivalent AMD processorMemory: 1 GB RAMGraphics: Nvidia Geforce 6800 Series ATI Radeon X850 S3 Chrome 430 GT or better (min 256 MB VRAM)Hard Drive: 1 GB free hard drive spaceSound: Sound card,Giants Software,//upload.wikimedia.org/wikipedia/commons/thumb/1/11/Farming_Simulator_Logo.png/220px-Farming_Simulator_Logo.png
NBA 2K13,PC,2012-10-02,Sports,3.58,50.78,Minimum:OS:WindowsProcessor:Pentium 4 2.4 GHz Single Core processor or equivalent (2.8 GHZ for Vista/Win 7)Memory:512 MB or More (1 GB for Vista/Win 7)Graphics:DirectX 9.0c compatibleHard Drive:8 GB or more free spaceSound:DirectX 9.0c compatibleVideo Card:128 MB or more memory and one of the following chipsets is required: Radeon HD 2400 or greater; NVIDIA 6800 GT or greater; DirectX 9.0c compatible card with Shader Model 3.0 support.,Visual Concepts,//upload.wikimedia.org/wikipedia/en/thumb/1/10/NBA_2K13_Box_art.jpg/220px-NBA_2K13_Box_art.jpg
Supreme Commander 2,PC,2010-03-01,Strategy,3.24,45.41,OS: Windows XP/Vista/Windows 7Processor: 3.0 GHz or better  AMD or Intel CPUMemory: 1GB RAM (XP) 1.5GB RAM (Vista / Win 7)Graphics: 256 MB VRAM with Pixel Shader 3.0DirectX(r): DirectX 9.0Hard Drive: 4-5 GB for full install & DirectXSound: No accelerated sound hardware requiredOther requirements: Internet Connection with Cable / Broadband,Gas Powered Games,//upload.wikimedia.org/wikipedia/en/thumb/9/9b/Supreme_Commander_2_Boxart.jpg/220px-Supreme_Commander_2_Boxart.jpg
Mass Effect 2,PC,2010-01-26,Action,4.47,44.5,OS: Windows XP SP3 / Windows Vista SP1 / Windows 7Processor: 1.8GHz Intel Core 2 Duo or equivalent AMD CPUMemory: 1 GB RAM for Windows XP / 2 GB RAM for Windows Vista and Windows 7Graphics: 256 MB (with Pixel Shader 3.0 support)DirectX(r): DirectX 9.0c August 2008 (included)Hard Drive: 15 GBSound: DirectX 9.0c compatibleSupported Chipsets: NVIDIA GeForce 6800 or greater; ATI Radeon X1600 Pro or greater. Please note that NVIDIA GeForce 7300 8100 8200 8300 8400 and 9300; ATI Radeon HD3200 and HD4350 are below minimum system requirements. Updates to your video and sound card drivers may be required.,BioWare,//upload.wikimedia.org/wikipedia/en/thumb/0/05/MassEffect2_cover.PNG/220px-MassEffect2_cover.PNG
Hotel Giant 2,PC,2010-01-27,Simulation,0.0,44.0,Minimum:OS: Windows 98 2000 ME XP Vista 7 8 (Windows 95 and NT not supported)Processor: 1.5 GHz CPUMemory: 512 MB RAMGraphics: NVIDIA GeForce 5 series or above ATI Radeon 9 series or above with at least 256MB video memoryHard Drive: 2 GB of free spaceSound: DirectX 9 compatible sound card,Enlight Software,//upload.wikimedia.org/wikipedia/en/7/7b/Maximum_Capacity_Hotel_Giant_cover.jpg
Port Royale 2,PC,2004-09-12,Strategy,4.14,43.95,OS: Windows XP / VistaProcessor: Pentium III (or compatible) with 700MHz (or higher)Memory: 128 MB RAM (for Windows 98SE or ME) 256 MB RAM (for Windows 2000 or XP)Graphics: DirectX-8 compatible Graphic CardDirectX(r): DirectX 9Hard Drive: 700MB of free spaceSound: DirectX-8 compatible Sound Card,Ascaron Entertainment,//upload.wikimedia.org/wikipedia/en/thumb/9/9e/Port_Royale_2_Cover.jpg/220px-Port_Royale_2_Cover.jpg
Left 4 Dead,PC,2008-11-17,Shooter,4.11,42.45,Minimum:                    Supported OS: Windows(r) 7 32/64-bit / Vista 32/64 / XP                    Processor: Pentium 4 3.0GHz                     Memory: 1 GB                    Graphics: 128 MB Shader model 2.0 ATI 9600 NVidia 6600 or better                     Hard Drive: At least 7.5 GB of free space                    Sound Card: DirectX 9.0c compatible sound card,Valve South,//upload.wikimedia.org/wikipedia/en/thumb/5/5b/Left4Dead_Windows_cover.jpg/220px-Left4Dead_Windows_cover.jpg
Euro Truck Simulator 2,PC,2012-10-19,Indie,4.05,42.26,Minimum:OS: Windows 7Processor: Dual core CPU 2.4 GHzMemory: 4 GB RAMGraphics: GeForce GTS 450-class (Intel HD 4000)Hard Drive: 3 GB available space,SCS Software,//upload.wikimedia.org/wikipedia/en/thumb/0/0e/Euro_Truck_Simulator_2_cover.jpg/220px-Euro_Truck_Simulator_2_cover.jpg
Left 4 Dead 2,PC,2009-11-17,Shooter,4.09,41.94,Minimum:OS: Windows(r) 7 32/64-bit / Vista 32/64 / XPProcessor: Pentium 4 3.0GHzMemory: 2 GB RAMGraphics: Video card with 128 MB Shader model 2.0. ATI X800 NVidia 6600 or betterDirectX: Version 9.0cStorage: 13 GB available spaceSound Card: DirectX 9.0c compatible sound card,Valve,//upload.wikimedia.org/wikipedia/en/thumb/b/ba/Left4Dead2.jpg/220px-Left4Dead2.jpg
X Rebirth,PC,2013-11-14,Action,3.03,40.0,Minimum:OS: Windows 10 (64-bit) Windows 8 (64-bit) Windows 7 SP1 (64-bit) Vista SP2 (64-bit) XP SP3 (64-bit)Processor: Intel i-Series at 2GHz or AMD equivalentMemory: 4 GB RAMGraphics: Nvidia GT400 series with 512MB RAM or better ATI 4870HD with 512MB RAM or betterDirectX: Version 9.0cStorage: 8 GB available spaceSound Card: DirectX 9.0c Compatible Sound Card,Egosoft,//upload.wikimedia.org/wikipedia/en/thumb/e/e6/X_Rebirth_logo.gif/250px-X_Rebirth_logo.gif
Mass Effect,PC,2007-11-16,Action,4.4,37.82,Supported OS: Microsoft Windows(r) XP with SP2 or Windows Vista*                    Processor: Intel P4 2.4 Ghz or faster / AMD 2.0 Ghz                    Memory: 1.0 GB RAM or more (2.0 GB for Vista)                    Graphics: DirectX 9.0c compatible ATI X1300 XT or greater (ATI X1300 X1300 Pro X1600 Pro Radeon 2600  HD and HD 2400 are below minimum system requirements); NVidia GeForce 6800 or greater (7300 7600 GS 8500 are below minimum system requirements)                    Hard Drive: 12.0 GB or more free hard drive space                     Sound: DirectX 9.0c compatible                    DirectX(r): 9.0c                    * WINDOWS VISTA OR WINDOWS 7 USERS: Launching Mass Effect from Steam requires the setting Run as Administrator. If the User Account Control feature of Windows Vista is enabled launching Mass Effect from Steam will result in failure. For users with User Account Control enabled launch Steam using the Run as Administrator option or launch from the windows shortcut.                    INTERNET CONNECTION AND END USER LICENSE AGREEMENT REQUIRED TO PLAY.  MORE INFORMATION IS AVAILABLE AT WWW.EA.COM.,Science fiction,//upload.wikimedia.org/wikipedia/en/thumb/9/9c/Logo_of_Mass_Effect.png/250px-Logo_of_Mass_Effect.png
Pillars of Eternity,PC,2015-03-26,RPG,3.97,37.15,Minimum:OS: Windows Vista 64-bit or newerProcessor: Intel Core i3-2100T @ 2.50 GHz / AMD Phenom II X3 B73Memory: 4 GB RAMGraphics: ATI Radeon HD 4850 or NVIDIA GeForce 9600 GTStorage: 14 GB available spaceSound Card: DirectX Compatible Sound Card,Obsidian Entertainment,//upload.wikimedia.org/wikipedia/en/thumb/c/ca/Pillars_of_Eternity.jpg/220px-Pillars_of_Eternity.jpg
EVE Online,PC,2003-05-06,Strategy,3.42,34.89,Minimum: Supported OS: Windows 7 / 8.1 / 10Processor: CPU that supports SSE2 (Intel Dual Core @ 2.0 GHz AMD Dual Core @ 2.0 GHz)Memory: 2 GBHard Drive: 20 GB Free Space  Video: GPU with 256 MB VRAM or more that supports Shader Model 3 and DirectX 9.0c (AMD Radeon 2600 XT or NVIDIA GeForce 8600 GTS)Audio: Supports SSE Direct Sound compatibleDrivers: DirectX(r) 9.0c (included) and latest video driversNetwork: ADSL connection (or faster)Note that older graphics cards such as the NVIDIA 6000 and 7000 series may work but are not officially supported. Please note that Windows 95 98 ME NT 2000 XP and Vista are not supported.Note: the minimum screen resolution for EVE is 1024x768. Audio hardware must be Direct Sound compatible. For optimum performance use latest drivers available.,CCP Games,//upload.wikimedia.org/wikipedia/en/thumb/2/29/Eve-online_cover.png/220px-Eve-online_cover.png
Dungeon Defenders,PC,2010-12-16,Strategy,3.24,34.38,Minimum:OS: Windows XPProcessor: 1 Ghz Dual-Core CPUMemory: 1 GB RAMHard Disk Space: 2GBVideo Card: Graphics Card with Shader Model 3 support 256 MB video memoryDirectX(r): 9.0cSound: DirectSound-compatible sound device,Trendy Entertainment,//upload.wikimedia.org/wikipedia/en/6/62/Dungeon_Defenders_cover.png
Test Drive Unlimited 2,PC,2011-02-08,Racing,3.69,28.87,Minimum:OS: Windows XP SP2 Vista SP2 Windows 7Processor:Intel Core 2 Duo 2.2GHz or AMD Athlon X2 4400+Memory: 2GBGraphics: Nvidia GeForce 8800 / ATI Radeon HD 3870 or faster*DirectX(r): DirectX 9.0cHard Drive: 14 GBSound: DirectX 9.0c-compatiblePeripherals: Keyboard Mouse or 10-button controller such as Xbox 360 or Logitech Dual-ActionOther Requirements: Internet Broadband Connection Microsoft .NET 3.5 requiredNote:* Integrated video cards such as the ATI Radeon HD 3200 or Intel HD Graphics are not supported.,Eden Games,//upload.wikimedia.org/wikipedia/en/thumb/9/99/Test_Drive_Unlimited_2_boxart.jpg/220px-Test_Drive_Unlimited_2_boxart.jpg
Far Cry 3,PC,2012-11-28,Shooter,4.24,28.04,Minimum:OS:Windows XP Windows Vista and Windows 7Processor:Intel Core(r)2 Duo E6700 @ 2.6 GHz or AMD Athlon64 X2 6000+ @ 3.0Ghz or betterMemory:4 GB RAMGraphics:512MB Video RAM (1GB Video RAM) DirectX9c (DirectX11) Shader Model 3.0 (Shader Model 5.0)DirectX(r):9.0cHard Drive:15 GB HD spaceSound:DirectX Compatible  (Recommended Surround Sound 5.1 capable)Other Requirements:Broadband Internet connectionAdditional:*Supported Video Cards at Time of Release: AMD Radeon(tm) HD 2900 / 3000 / 4000 / 5000 / 6000 / 7000 series NVIDIA(r) GeForce(r) 8800 GTX / 9 / 200 / 400 / 500 / 600 series. Laptop versions of these cards may work but are not supported. These chipsets are the only ones that will run this game. For the most up-to-date minimum requirement listings please visit the FAQ on our support website at http://support.ubi.com.Requires a UPlay account,Ubisoft Montreal,//upload.wikimedia.org/wikipedia/en/thumb/c/c6/Far_Cry_3_PAL_box_art.jpg/220px-Far_Cry_3_PAL_box_art.jpg
Saints Row 2,PC,2008-10-14,Shooter,3.58,27.11,Minimum:                    Supported OS:Windows XP or Vista.                                           Processor: 2.0 GHz Intel Dual-Core Pentium IV or equivalent or AMD Dual-Core Athlon XP or equivalent                    Memory: 1 GB system RAM                     Graphics: 128MB 3D graphics card with Shader Model 3.0 support (i.e. 7600 NVidia card or better ATI X1300 card or better)                    DirectX Version: DirectX 9.0c                      Sound: DirectX 9.0c compatible 16-bit sound card                    Hard Drive: 15 GB of Hard Drive Space                    Display: DirectX compatible display capable of 640x480 in 16-bit color,Volition,//upload.wikimedia.org/wikipedia/en/thumb/f/fb/Saints_Row_2_Game_Cover.jpg/220px-Saints_Row_2_Game_Cover.jpg
Sniper Elite,PC,2005-10-18,Action,3.33,26.71,OS: Windows XP / VistaProcessor: 1GHz Pentium CPU or equivalentMemory: 256Mb RAMGraphics: GeForce2 32Mb or equivalentDirectX(r): DirectX 9.0cHard Drive: 4Gb free hard disk spaceSound: Windows compatible sound card,Tactical shooter,//upload.wikimedia.org/wikipedia/en/thumb/8/84/Sniper_Elite_series_logo.svg/250px-Sniper_Elite_series_logo.svg.png
Sacred 3,PC,2014-07-31,Action,2.71,26.08,Minimum:OS: Windows Vista SP2 / 7 / 8Processor: Intel Pentium D945 (Dual Core 3400 MHz)/ AMD Athlon 64 X2 6000+ (Dual Core 3000 MHz)Memory: 2 GB RAMGraphics: Nvidia GeForce GT 610 (1024MB) / ATI Radeon 4770 (512MB)DirectX: Version 9.0cStorage: 25 GB available spaceSound Card: DirectX 9.0c-compatible,[1],//upload.wikimedia.org/wikipedia/en/thumb/3/38/Sacred_3_box_art.jpg/220px-Sacred_3_box_art.jpg
Mount & Blade,PC,2008-09-16,Indie,3.85,25.09,OS: Windows 2000/XP/Vista                    Memory: 512 MB of RAM                    Graphics: Graphics card with at least 64 MB memory                    Hard Drive: 700 MB of hard disk space.,TaleWorlds Entertainment,//upload.wikimedia.org/wikipedia/en/thumb/4/40/Mbboxart.jpg/220px-Mbboxart.jpg
Mafia II,PC,2010-08-24,Adventure,4.14,24.94,Minimum:OS: Microsoft Windows XP (SP2 or later) / Windows Vista / Windows 7Processor: Pentium D 3Ghz or AMD Athlon 64 X2 3600+ (Dual core)  or higherRAM: 1.5 GB RAMHard Disk Space: 8GBVideo Card: nVidia GeForce 8600 / ATI HD2600 Pro or betterSound Card: 100% DirectX 9.0c compatible sound cardPeripherals: Keyboard and mouse or Windows compatible gamepadOther Requirements: Initial installation requires one-time internet connection for Steam authentication; software installations required (included with the game)include nVidia PhysX_drivers 10.04.02_9.10.0522and nVidia GPU drivers 197.13 or latest Steam Client and Microsoft DirectX.,2K Czech,//upload.wikimedia.org/wikipedia/en/thumb/0/0d/Mafia_II_Boxart.jpg/220px-Mafia_II_Boxart.jpg
Cities in Motion,PC,2011-02-21,Strategy,3.62,23.6,OS: Microsoft Windows XP/Vista/7Processor: 2 GHz Dual Core or higherMemory: 2 GB RAMHard Disk Space: 2 GBVideo Card: NVIDIA GeForce 8800/ATI Radeon HD 3850 or higher (integrated video cards not supported) 512 MB RAM OpenGL 3.0,Colossal Order,//upload.wikimedia.org/wikipedia/en/thumb/2/2f/Cities_in_Motion_logo.png/220px-Cities_in_Motion_logo.png
Torchlight,PC,2009-10-26,Action,3.72,22.52,OS: Windows XP or laterProcessor: x86-compatible 800MHz processorMemory: 512MBGraphics: DirectX-compatible 3D graphics with at least 64MB of addressable memory (such as an ATI Radeon 7200 NVIDIA GeForce 2 or Intel GMA 950)DirectX®: 9.0cHard Drive: 400MB,Runic Games,//upload.wikimedia.org/wikipedia/en/thumb/a/a2/TorchlightRetailBox.jpg/220px-TorchlightRetailBox.jpg
Company of Heroes 2,PC,2013-06-25,Strategy,3.14,22.47,Minimum:Memory: 2GB RAMProcessor: 2Ghz Intel Core2 Duo or equivalentGraphics: 512MB Direct3D 10 capable video card (GeForce 8800 GT or Radeon HD 2900XT)OS: 32bit Vista        Internet: Broadband Internet connectionHard Drive: 30GB free Hard disc space,Relic Entertainment,//upload.wikimedia.org/wikipedia/en/thumb/2/2b/Company_of_Heroes_2_cover.jpeg/220px-Company_of_Heroes_2_cover.jpeg
The Secret World,PC,2012-07-03,Massively Multiplayer,0.0,22.42,Minimum:OS: Windows XP (SP 1) / Vista (SP 1) / Windows 7 (SP 1)Processor: 2.6 GHZ Intel Core 2 DUO or equivalent AMD CPUMemory: At least 2GB RAM for Windows XP / 3GB Ram for Windows Vista and Windows 7Hard Disk Space: At least 30GB of free spaceVideo Card: nVidia 8800 series 512 VRAM or better/Radeon HD3850 512MB or betterDirectX(r): 9.0cSound: DirectX 9.0c compatible sound cardAdditional: Requires account registration (free) with the developer. 30 days of free Membership is included.,Funcom,//upload.wikimedia.org/wikipedia/en/thumb/0/02/Secret_World_cover.jpg/220px-Secret_World_cover.jpg
Max Payne 3,PC,2012-05-15,Shooter,4.24,20.88,OS: Windows 7 32/64 Service Pack 1 Windows Vista 32/64 Service Pack 2 Windows XP 32/64 Service Pack 3Processor: Intel Dual Core 2.4 GHZ -  i7 3930K 6 Core  x 3.06 GHZ / AMD Dual Core 2.6 GHZ - FX8150 8 Core x 3.6 GHZMemory: 2GB - 16GBHard Disk Space: 35 GigsVideo Card:  NVIDIA(r) 8600 GT 512MB VRAM - NVIDIA(r) GeForce(r) GTX 680 2GB VRAM / Radeon HD 3400 512MB VRAM - Radeon HD 7970 3GB VRAMSound Card: 100% Direct X 9.0 compatible - Direct X 9.0 compatible supporting Dolby Digital LiveAdditional:Please refer to your hardware manufacturer and http://support.rockstargames.com/home for current compatibility information. Some system components such as mobile chipsets                              Integrated and AGP graphics cards may be incompatible.  Unlisted specifications may not be supported by publisher.Other Requirements: Initial activation requires internet connection and a valid Rockstar Social Club account (13+ to register); Online play requires log-in to Rockstar Social Club (13+); software installation required including GameShield IronWrap; DirectX and Microsoft Visual C++ 2008 SP1 Redistributable Package (x86).,Rockstar Studios,//upload.wikimedia.org/wikipedia/en/thumb/2/21/Max_Payne_3_Cover.jpg/220px-Max_Payne_3_Cover.jpg
Grand Theft Auto IV,PC,2008-04-29,Adventure,4.24,20.74,OS: Windows Vista - Service Pack 1 / Windows XP - Service Pack 3                    Processor: Intel Core 2 Duo 1.8GHz AMD Athlon X2 64 2.4GHz                    Memory: 1.5GB XP / 1.5GB Vista                    Graphics: 256MB Nvidia 7900 / 256MB ATI X1900                    DirectX Version: DirectX 9.0c Compliant Card                     Hard Drive: 16GB of Hard Disc Space                     Sound Card: 5.1 Channel Audio Card                     Other Requirements: Initial activation requires internet connection; Online play requires log-in to Games For Windows - Live and Rockstar Games Social Club (13+ to register); software installations required including Adobe Flash DirectX Microsofts .NET Framework 3.0 Games For Windows - LIVE and Internet Explorer.,Rockstar North,//upload.wikimedia.org/wikipedia/en/thumb/b/b7/Grand_Theft_Auto_IV_cover.jpg/220px-Grand_Theft_Auto_IV_cover.jpg
Portal 2,PC,2011-04-18,Shooter,4.62,20.13,Minimum:OS: Windows 7 / Vista / XPProcessor: 3.0 GHz P4 Dual Core 2.0 (or higher) or AMD64X2 (or higher)Memory: 2 GB RAMGraphics: Video card must be 128 MB or more and with support for Pixel Shader 2.0b (ATI Radeon X800 or higher / NVIDIA GeForce 7600 or higher / Intel HD Graphics 2000 or higher).DirectX: Version 9.0cStorage: 8 GB available spaceSound Card: DirectX 9.0c compatible,Valve,//upload.wikimedia.org/wikipedia/en/thumb/f/f9/Portal2cover.jpg/220px-Portal2cover.jpg
Portal 2,PC,2011-04-18,Shooter,4.62,20.13,Minimum:OS: Windows 7 / Vista / XPProcessor: 3.0 GHz P4 Dual Core 2.0 (or higher) or AMD64X2 (or higher)Memory: 2 GB RAMGraphics: Video card must be 128 MB or more and with support for Pixel Shader 2.0b (ATI Radeon X800 or higher / NVIDIA GeForce 7600 or higher / Intel HD Graphics 2000 or higher).DirectX: Version 9.0cStorage: 8 GB available spaceSound Card: DirectX 9.0c compatible,Valve,//upload.wikimedia.org/wikipedia/en/thumb/f/f9/Portal2cover.jpg/220px-Portal2cover.jpg
Portal 2,PC,2011-04-18,Shooter,4.62,20.13,Minimum:OS: Windows 7 / Vista / XPProcessor: 3.0 GHz P4 Dual Core 2.0 (or higher) or AMD64X2 (or higher)Memory: 2 GB RAMGraphics: Video card must be 128 MB or more and with support for Pixel Shader 2.0b (ATI Radeon X800 or higher / NVIDIA GeForce 7600 or higher / Intel HD Graphics 2000 or higher).DirectX: Version 9.0cStorage: 8 GB available spaceSound Card: DirectX 9.0c compatible,Valve,//upload.wikimedia.org/wikipedia/en/thumb/f/f9/Portal2cover.jpg/220px-Portal2cover.jpg
Saints Row IV,PC,2013-08-20,Adventure,3.83,19.87,Minimum:OS: Windows Vista (x86 or x64)Processor: Intel Core 2 Quad Q6600 | AMD Athlon II x3Memory: 4 GB RAMGraphics: NVIDIA GTX 260 | AMD Radeon HD 5800 seriesDirectX: Version 10Storage: 10 GB available space,Volition,//upload.wikimedia.org/wikipedia/en/thumb/5/5d/SaintsRowIV.jpg/220px-SaintsRowIV.jpg
Dishonored,PC,2012-09-25,Shooter,4.36,19.6,Minimum:OS: Windows Vista / Windows 7Processor: 3.0 GHz dual core or betterMemory: 3 GB system RAMHard Disk Space: 9 GBVideo Card: DirectX 9 compatible with 512 MB video RAM or better (NVIDIA GeForce GTX 460 / ATI Radeon HD 5850)Sound: Windows compatible sound card,Arkane Studios,//upload.wikimedia.org/wikipedia/en/thumb/6/65/Dishonored_box_art_Bethesda.jpg/220px-Dishonored_box_art_Bethesda.jpg
Tropico 5,PC,2014-05-22,Strategy,3.64,19.46,Minimum:OS: Windows Vista SP2 Windows 7 Windows 8Processor: 2 GHz Dual Core CPUMemory: 4 GB RAMGraphics: GeForce 400 or higher AMD Radeon HD 4000 or higher Intel HD 4000 or higher (DirectX 11 hardware support required)DirectX: Version 11Storage: 4 GB available spaceSound Card: DirectX compatible,Haemimont Games,//upload.wikimedia.org/wikipedia/en/thumb/9/99/Tropico_5_cover.jpg/220px-Tropico_5_cover.jpg
Lost Horizon,PC,2010-08-20,Family,3.62,18.63,OS: Windows® XP/Vista(tm)/Windows 7™Processor: Pentium IV 2 GHz Single Core or 100 % compatible CPUMemory: 512 MB RAMGraphics: DirectX® 9-compatible AGP or PCI Express 64 MB video card or betterDirectX®: DirectX® 9Hard Drive: 4.5 GB of free hard disk spaceSound: DirectX® 9-compatible 16-bit sound card (optional),James Hilton,//upload.wikimedia.org/wikipedia/en/9/93/Lost_Horizon_%28James_Hilton_novel%29_coverart.jpg
Just Cause 2,PC,2010-03-23,Shooter,3.61,18.59,Minimum:OS: Microsoft Windows Vista (Windows XP is unsupported)Processor: Dual-core CPU with SSE3 (Athlon 64 X2 4200 / Pentium D 3GHz)Memory: 2GB System MemoryHard Drive: 10GB of free drive spaceGraphics: DX10 compatible graphics card with 256 MB of memory(Nvidia GeForce 8800 series/ ATI Radeon HD 2600 Pro)Sound: 100% DirectX 10 compatible sound cardDirectX(r): Microsoft DirectX 10,Avalanche Studios,//upload.wikimedia.org/wikipedia/en/thumb/3/3b/Just_Cause_2.jpg/220px-Just_Cause_2.jpg
Fallout 3,PC,2008-10-28,Shooter,4.09,18.15,Minimum:                    Operating system: Windows XP/Vista                    Processor: 2.4 Ghz Intel Pentium 4 or equivalent processor                     Memory: 1 GB (XP)/ 2 GB (Vista)                    Hard disk space: 7 GB                    Video: Direct X 9.0c compliant video card with 256MB RAM (NVIDIA 6800 or better/ATI X850 or better)                     Sound: DirectX(r): 9.0c                    Controller support:  Xbox 360 controller                    Other Requirements: Online play requires log-in to Games For Windows - Live                    Supported Video Card Chipsets:                     NVIDIA GeForce 200 series Geforce 9800 series Geforce 9600 series Geforce 8800 series Geforce 8600 series Geforce 8500 series Geforce 8400 series Geforce 7900 series Geforce 7800 series Geforce 7600 series Geforce 7300 series GeForce 6800 series                    ATI HD 4800 series HD 4600 series HD 3800 series HD 3600 series HD 3400 series HD 2900 series HD 2600 series HD 2400 series X1900 series X1800 series X1600 series X1300 series X850 series,Bethesda Game Studios,//upload.wikimedia.org/wikipedia/en/thumb/8/83/Fallout_3_cover_art.PNG/220px-Fallout_3_cover_art.PNG
BioShock Infinite,PC,2013-03-26,Shooter,4.39,17.4,Minimum:OS: Windows Vista Service Pack 2 32-bitProcessor: Intel Core 2 DUO 2.4 GHz / AMD Athlon X2 2.7 GHzMemory: 2GBHard Disk Space: 20 GB freeVideo Card: DirectX10 Compatible ATI Radeon HD 3870 / NVIDIA 8800 GT / Intel HD 3000 Integrated GraphicsVideo Card Memory: 512 MBSound: DirectX Compatible,Irrational Games,//upload.wikimedia.org/wikipedia/en/thumb/a/a3/Official_cover_art_for_Bioshock_Infinite.jpg/220px-Official_cover_art_for_Bioshock_Infinite.jpg
GRID 2,PC,2013-05-27,Racing,3.29,16.56,Minimum OS: Windows Vista Windows 7 Windows 8                Processor: Intel Core 2 Duo @ 2.4Ghz or AMD Athlon X2 5400+                Memory: 2 GB RAM                Hard Disk Space: 15 GB HD space                                Video Card: Intel HD Graphics 3000 / AMD HD2600 / NVIDIA Geforce 8600                DirectX(r): 11                Sound: Direct X compatible soundcard                Additional: Broadband Internet connection                   Additional Supported Graphics Cards: Intel HD Graphics 3000 Intel HD Graphics 4000 Intel Graphics 5200.AMD Radeon HD2600 or higher HD3650 or higher HD4550 or higher HD5000 Series HD6000 Series HD7000 Series.NVIDIA GeForce 8600 or higher 9500 or higher GTX220 or higher GTX400 Series GTX500 Series GTX600 Series: AMD Fusion A8 or higher.,Codemasters,//upload.wikimedia.org/wikipedia/en/thumb/a/a1/Grid_2_cover.jpg/220px-Grid_2_cover.jpg
Tomb Raider,PC,1996-10-25,Action,4.04,15.61,Minimum:OS:Windows XP Service Pack 3 Windows Vista78 (32bit/64bit)Processor:Dual core CPU: AMD Athlon64 X2 2.1 Ghz (4050+) Intel Core2 Duo 1.86 Ghz (E6300)Memory:1GB Memory (2GB on Vista)Graphics:DirectX 9 graphics card with 512Mb Video RAM: AMD Radeon HD 2600 XT nVidia 8600DirectX(r):9.0cHard Drive:12 GB HD spaceOther Requirements:Broadband Internet connection,Action-adventure,//upload.wikimedia.org/wikipedia/en/thumb/8/81/Tomb_Raider_2011.png/250px-Tomb_Raider_2011.png
Project CARS,PC,2015-05-06,Racing,3.57,14.13,Minimum:OS: Windows Vista Windows 7 with latest Service PacksProcessor: 2.66 GHz Intel Core 2 Quad Q8400 3.0 GHz AMD Phenom II X4 940Memory: 4 GB RAMGraphics: nVidia GTX 260 ATI Radeon HD 5770DirectX: Version 9.0Network: Broadband Internet connectionStorage: 25 GB available spaceSound Card: DirectX compatible sound cardAdditional Notes: For racing wheel support check:  http://www.projectcarsgame.com/beyond-reality.html,Racing,//upload.wikimedia.org/wikipedia/commons/thumb/9/96/Project_CARS_logo_in_2015.jpg/250px-Project_CARS_logo_in_2015.jpg
Two Worlds II,PC,2010-11-09,RPG,3.04,14.0,OS: Windows XP SP3 Windows Vista Windows 7Processor: Intel or AMD Single-Core Prozessor (20 GHz) or betterMemory: 2 GB or moreGraphics: Radeon HD Geforce 8800GT (Shader 3.0 and 512 MB RAM)DirectX(r): DirectX 9.0c or OpenGLHard Drive: 8 GBSound:  DirectX comp. Stereo Sound CardOther: Internet connection with 6.000 BPS or more for Multiplayer recommended,Reality Pump,//upload.wikimedia.org/wikipedia/en/1/12/Two_Worlds_II.jpg
Game of Thrones,PC,2014-12-02,Adventure,3.16,12.68,OS: WINDOWS XP SP3/WINDOWS VISTA SP2/WINDOWS 7Processor: AMD/INTEL DUAL-CORE 2.2 GHZMemory: 2048 MBGraphics: 256 MB 100% DIRECTX 9 AND SHADERS 3.0 COMPATIBLE.  ATI RADEON HD 2600 XT/NVIDIA GEFORCE 7900 GTX OR HIGHERDirectX(r): 9Hard Drive: 7 GBSound: DIRECTX 9 COMPATIBLEInternet: INTERNET CONNECTION REQUIRED THE GAME ACTIVATION,Fantasy,//upload.wikimedia.org/wikipedia/en/thumb/d/d8/Game_of_Thrones_title_card.jpg/250px-Game_of_Thrones_title_card.jpg
Alan Wake,PC,2010-05-14,Shooter,4.13,11.88,Minimum:OS: Windows XP SP2Processor: Dual Core 2GHz Intel or 2.8GHz AMDMemory: 2 GB RAMGraphics: DirectX 10 compatible with 512MB RAMDirectX(r): 9.0cHard Drive: 8 GB HD spaceSound: DirectX 9.0c compatible,Remedy Entertainment,//upload.wikimedia.org/wikipedia/en/thumb/1/1f/Alan_Wake_Game_Cover.jpg/220px-Alan_Wake_Game_Cover.jpg
Overlord II,PC,2009-06-22,Action,3.68,11.08,OS:Windows XP SP2+Processor: Pentium 4 3.0Ghz/Athlon 64bit 3000+Memory: 1GBGraphics: GeForce 6800+/ATI X1600+ with 256MBDirectX(r): DirectX 9.0cHard Drive: 5GBSound: DirectX Compatible Sound CardMultiplayer is no longer available,Triumph Studios,//upload.wikimedia.org/wikipedia/en/thumb/c/c6/Overlord_II_box_art.jpg/220px-Overlord_II_box_art.jpg
Homeworld Remastered Collection,PC,2015-02-24,Strategy,4.04,11.05,Minimum:OS: Windows VistaProcessor: 2.2GHz Dual Core ProcessorMemory: 1 GB RAMGraphics: NVIDIA GeForce 8800 GTS (512MB) / ATI Radeon HD4800 (512MB)Storage: 20 GB available spaceAdditional Notes: * Game engine uses OpenGL3.3 It is important that you get the latest drivers for your video card to ensure compatibility with this product.,Relic Entertainment,//upload.wikimedia.org/wikipedia/en/thumb/4/4b/Homeworld_%28video_game%29_box_art.jpg/220px-Homeworld_%28video_game%29_box_art.jpg
Magicka,PC,2011-01-25,Action,3.81,10.64,OS: Windows XP/Vista/7 (32- or 64-bit)Processor: Intel(r) Pentium(r) IV 2.4 GHz or AMD 3500+Memory: 2 GB RAMHard Disk Space: 2 GB Available SpaceVideo Card: NVIDIA(r) GeForce 8800 or ATI Radeon(r) X1900 (Integrated Video Cards not recommended)DirectX(r): DirectX 9Sound: DirectX-compatible sound cardAdditional: 3-button mouse keyboard and speakers. DSL Internet connection for multiplayer. .NET 3.5 required,Arrowhead Game Studios,//upload.wikimedia.org/wikipedia/en/thumb/b/ba/Magicka_box.jpg/220px-Magicka_box.jpg
DiRT Rally,PC,2015-12-07,Racing,3.75,10.54,Minimum:OS: 64bit Versions of Windows 7 Windows 8 Windows 10Processor: AMD FX Series or Intel Core i3 SeriesMemory: 4 GB RAMGraphics: AMD HD5450 or Nvidia GT430 or Intel HD4000 with 1GB of VRAM (DirectX 11 graphics card required)DirectX: Version 11Storage: 50 GB available spaceSound Card: DirectX Compatible soundcardAdditional Notes: Supported Graphics Cards: AMD HD5000 Series HD6000 Series HD7000 Series R7 Series R9 Series Nvidia GTX400 Series GTX500 Series GTX600 Series GTX700 Series GTX900 Series Intel HD4000 Series HD5000 Series,Codemasters,//upload.wikimedia.org/wikipedia/en/thumb/0/05/Dirt_rally_cover_art.jpg/220px-Dirt_rally_cover_art.jpg
The Book of Unwritten Tales,PC,2012-07-30,Adventure,3.63,9.96,Minimum:OS:Windows XP SP 3 (32bit) / Vista SP 2 / Windows 7 SP 1 Processor:Pentium IV 2 GHz / Athlon 2.4 GHz Memory:2 GB RAMGraphics:Direct-X 9c compliant video card with 128 MB RAM PixelShader 2.0 DirectX(r):9.0cHard Drive:6 GB HD space,King Art Games,//upload.wikimedia.org/wikipedia/en/thumb/4/40/The_Book_of_Unwritten_Tales_Cover.jpg/220px-The_Book_of_Unwritten_Tales_Cover.jpg
Company of Heroes,PC,2006-09-11,Strategy,3.59,9.84,Minimum:                    OS: Windows(r) XP or Vista                    Processor: 2.0 Ghz Intel Pentium IV or equivalent or AMD Athlon XP or equivalent                    Memory: 512 MB RAM                    Graphics: DirectX 9.0c compatible 64MB video card with Pixel Shader 1.1 support or equivalent and latest manufacturer drivers                    Hard Drive: 9 GB of uncompressed free hard drive space (We recommend having 1 gigabyte of free space after installation)                    Sound: DirectX(r) 9.0c compatible 16-bit sound card                    Required for Multiplayer: Broadband internet connection and latest drivers.* Supported Video Cards: NVIDIA: NVIDIA GeForce 3 series or better with latest manufacturer drivers (excluding the GeForce 4 MX series) ATI: ATI Radeon 9500 series or better with latest manufacturer drivers                    Internet connection required for play,Relic Entertainment,//upload.wikimedia.org/wikipedia/en/thumb/c/ce/Companyofheroes_pcboxboxart_160w.jpg/220px-Companyofheroes_pcboxboxart_160w.jpg
Duke Nukem Forever,PC,2011-06-09,Shooter,2.75,9.82,Minimum:OS: Windows XP/Vista/7Processor: Intel Core 2 Duo @ 2.0 Ghz / AMD Athlon 64 X2 @ 2.0 GhzMemory: 1 GbHard Disk Space: 10 Gb freeVideo Memory: 256 MBVideo Card: nVidia GeForce 7600 / ATI Radeon HD 2600Sound Card: DirectX CompatibleOTHER REQUIREMENTS & SUPPORTS: Initial installations required (included with the game) are Microsoft DirectX Visual C++ 2005 Redistributable (ATL) Visual C++ 2008 Redistributable and AMD Dual Core Optimizer. (AMD optimizer required only for specific AMD processors to run the game correctly but installs for all of them.)OTHER REQUIREMENTS & SUPPORTS: Does not support Windows XP 64,3D Realms,//upload.wikimedia.org/wikipedia/en/thumb/0/0e/DukeNukemForever.jpg/220px-DukeNukemForever.jpg
Metro 2033,PC,2010-03-16,Shooter,3.91,8.95,Minimum:OS: Windows XP Vista or 7Processor: Dual core CPU (any Core 2 Duo or better)Memory: 1GB RAMGraphics: DirectX 9 Shader Model 3 compliant graphics cards (GeForce 8800 GeForce GT220 and above)DirectX(r): DirectX 9.0cEnabling 3D Vision:Metro 2033 utilizes NVIDIA 3D Vision with compatible cards and hardware. To play Metro 2033 in 3D you will require:NVIDIA GeForce GTX 275 and above recommended A 120Hz (or above) monitorNVIDIA 3D Vision kit Microsoft Windows Vista or Windows 7,Dmitry Glukhovsky,//upload.wikimedia.org/wikipedia/en/thumb/0/04/Metro_2033_russian_book_front_cover.jpg/220px-Metro_2033_russian_book_front_cover.jpg
GRID Autosport,PC,2014-06-24,Racing,3.62,8.93,Minimum:OS: Windows Vista Windows 7 or Windows 8Processor: Intel Core 2 Duo @ 2.4Ghz or AMD Athlon X2 5400+Memory: 2 GB RAMGraphics: Intel HD3000 or AMD HD2000 Series or NVIDIA Geforce 8000 Series SeriesNetwork: Broadband Internet connectionStorage: 15 GB available spaceSound Card: Direct X compatible soundcardAdditional Notes: Supported Graphics Cards  *Intel HD3000 Series HD4000 Series HD5000 Series *AMD Radeon HD2000 Series HD3000 Series HD4000 Series HD5000 Series HD6000 Series HD7000 Series R7 Series R9 Series *NVIDIA GeForce 8000 Series 9000 Series GTX200 Series GTX400 Series GTX500 Series GTX600 Series GTX700 Series *AMD Fusion A8 or higher,Codemasters,//upload.wikimedia.org/wikipedia/en/thumb/5/58/Grid_autosport.png/220px-Grid_autosport.png
Elven Legacy,PC,2009-04-07,Strategy,2.85,8.6,Minimum                    Operating System: Microsoft(r) Windows(r) XP / Vista                    Processor: Intel(r) Pentium(r) IV 1.5 GHz or AMD(r) 2000+ (single core)                    Memory: 512 MB RAM                    Hard Disk Space: 3 GB Available HDD Space                    Video Card: NVIDIA(r) GeForce(tm) FX 5700 or ATI(tm) Radeon(r) 9600 and above Video Card                    Sound Card: DirectX-compatible Sound Card                    DirectX(r) Version: DirectX(r) Version 9.0c (4.09.0000.0904),1C: Ino-Co,//upload.wikimedia.org/wikipedia/en/thumb/6/65/Elven_Legacy_Cover.jpg/250px-Elven_Legacy_Cover.jpg
The Evil Within,PC,2014-10-12,Shooter,3.97,8.55,Minimum:OS: 64-bit Windows 7 SP1/Windows 8.1Processor: i7 or an equivalent with four plus core processorMemory: 4 GB RAMGraphics: GTX 460 or equivalent 1 GB VRAM cardDirectX: Version 11Storage: 50 GB available spaceAdditional Notes: Its worth noting that the 50 GB of space required is for the PC install. When the installation is complete the game will take up ~41 GB of HDD space,Tango Gameworks,//upload.wikimedia.org/wikipedia/en/thumb/5/56/The_Evil_Within_boxart.jpg/220px-The_Evil_Within_boxart.jpg
Front Mission Evolved,PC,2010-08-11,Shooter,3.16,8.19,Minimum:OS: Windows XP Vista Windows 7Processor: Intel Pentium D 1.8 GHz or AMD Athlon 64 x2 1.8 GHzMemory: 1GB RAM (XP) 2GB RAM (Vista/7)Graphics: 512MB NVIDIA GeForce 7800 series graphics card or equivalentDirectX(r): 9.0cHard Drive: 11 GB Free SpaceSound: DirectX(r) 9.0c compatible sound card Controller Support: Mouse Keyboard Xbox 360 Controller,Double Helix Games,//upload.wikimedia.org/wikipedia/en/thumb/a/ad/Front_Mission_Evolved.jpg/220px-Front_Mission_Evolved.jpg
F.E.A.R. 3,PC,2011-03-25,Shooter,3.33,7.74,Minimum:OS: Windows XPProcessor: Intel Core 2 Duo 2.4Ghz AMD Athlon X2 4800+Drive Space: 4.4GBRAM: 2GBVideo Card: NVIDIA 8800 GT 512MB RAM ATI 3850HD 512Mb RAM or betterDirectX(r): 9.0c,Day 1 Studios,//upload.wikimedia.org/wikipedia/en/thumb/1/19/Fear_3_Promo_Art.jpg/220px-Fear_3_Promo_Art.jpg
The Testament of Sherlock Holmes,PC,2012-09-20,Adventure,3.43,7.52,Minimum:OS:WINDOWS XP SP3/WINDOWS VISTA SP2/WINDOWS 7Processor:AMD/INTEL DUAL-CORE 2 GHZMemory:2048 MB RAMGraphics:256 MB 100% DIRECTX 9 AND SHADERS 3.0 COMPATIBLE ATI RADEON HD 2600 XT/NVIDIA GEFORCE 8600 GT OR HIGHERDirectX(r):9.0cHard Drive:14 GB HD spaceSound:DIRECTX 9 COMPATIBLE,Frogwares,//upload.wikimedia.org/wikipedia/en/thumb/f/f9/The_Testament_of_Sherlock_Holmes_cover.jpg/220px-The_Testament_of_Sherlock_Holmes_cover.jpg
Take On Helicopters,PC,2011-10-27,Simulation,2.1,7.51,Minimum:OS:Windows XPProcessor:Intel Dual-Core 2.4 GHz or AMD Dual-Core Athlon 2.5 GHz or fasterMemory:2 GB RAMGraphics:NVIDIA GeForce 8800GT or ATI Radeon 4850 with Shader Model 3 and 512 MB VRAM or fasterDirectX(r):dx90cHard Drive:20 GB HD spaceSound:DirectX 9.0c compatible audio-card,Bohemia Interactive,//upload.wikimedia.org/wikipedia/en/thumb/d/d1/Take_On_Helicopters_-_Cover.jpg/220px-Take_On_Helicopters_-_Cover.jpg
Worms Reloaded,PC,2010-08-26,Strategy,3.68,7.43,OS: Windows XP Vista 7Processor: 1.25GHz AMD Athlon or Intel equivalent Memory: 1GB Graphics: 128MB Video Card (GeForce4 or equivalent card)DirectX(r): DirectX(r) 9 or aboveHard Drive: 2063MBSound: DirectX(r) 9.0c-compliant sound cardOther Requirements: Internet connection required,Team17,//upload.wikimedia.org/wikipedia/en/thumb/b/ba/Worms_Reloaded.jpg/220px-Worms_Reloaded.jpg
The Darkness II,PC,2012-02-07,Action,3.69,7.2,Minimum:OS: Windows XP/Vista/7Processor: Intel Core 2 @ 2GHz / AMD Athlon 64 X2 4200+Memory: 1.5GB RAM Hard Disk Space: 10GBVideo Card: 256MB NVIDIA GeForce 8600 / ATI Radeon HD 2600Sound: DirectX CompatibleAdditional: Requires installation of Visual C++ 2008 Redistributable DirectX and nVidia PhysX version 9.11.1107 (included with download),Digital Extremes,//upload.wikimedia.org/wikipedia/en/thumb/e/ed/The_Darkness_II_cover.jpg/220px-The_Darkness_II_cover.jpg
Crysis,PC,2007-11-12,Shooter,4.04,6.91,Minimum:Supported OS: Windows XP or Windows Vista***Processor: 2.8 GHz or faster (XP) or 3.2 GHz or faster* (Vista)Memory: 1.0 GB RAM (XP) or 1.5 GB RAM (Vista)Graphics: 256 MB**DirectX Version: DirectX 9.0c (included)Sound: DirectX 9.0c compatibleHard Drive: 12GB* Supported Processors: Intel Pentium 4 2.8 GHz (3.2 GHz for Vista) or faster Intel Core 2.0 GHz (2.2 GHz for Vista) or faster AMD Athlon 2800+ (3200+ for Vista) or faster.** Supported chipsets: NVIDIA GeForce 6800 GT or greater; ATI Radeon 9800 Pro (Radeon X800 Pro for Vista) or greater. Laptop versions of these chipsets may work but are not supported. Integrated chipsets are not supported. Updates to your video and sound card drivers may be required.*** Currently only the 32-bit version is available.,First-person shooter,//upload.wikimedia.org/wikipedia/en/thumb/a/a3/Crysis_Logo.png/250px-Crysis_Logo.png
Devil May Cry 4,PC,2008-01-22,Adventure,4.12,6.37,Minimum:OS: Windows XP Service Pack 2Processor: Intel 4 Pentium processor or betterMemory: 512 MBGraphics: NVIDIA GeForce 6600 series or betterHard Drive: 8GB of free space,Capcom,//upload.wikimedia.org/wikipedia/en/thumb/b/bb/DMC4COVER.jpg/220px-DMC4COVER.jpg
Dungeon Siege III,PC,2011-05-31,Action,3.1,6.35,Minimum: OS: Windows XP SP3 Vista SP1 Windows 7Processor: Core 2 Duo 2.5 GHz or equivalentMemory: 1.5 GBGraphics: ATI Radeon HD 3870 or NVIDIA 9800 GTDirectX(r): DirectX(r) 9.0cHard Drive: 4 GB for full installationSound: No accelerated sound hardware required,Obsidian Entertainment,//upload.wikimedia.org/wikipedia/en/thumb/2/2c/Dungeon_Siege_III.jpg/220px-Dungeon_Siege_III.jpg
Airline Tycoon 2,PC,2011-10-04,Strategy,1.57,6.2,OS: Windows XP / Vista / 7Processor: 3 GHz Intel Pentium D / AMD Athlon 64 3000+Memory: 1 GBHard Disk Space: Video Card: Nvidia Geforce 8600 GT / ATI Radeon X 1800DirectX(r): 9.0cSound: DirectX-compatible,Spellbound,//upload.wikimedia.org/wikipedia/en/thumb/a/a0/Airline_Tycoon_CD_Cover.jpg/220px-Airline_Tycoon_CD_Cover.jpg
Sonic & All-Stars Racing Transformed,PC,2012-11-16,Racing,3.88,5.79,Minimum:OS: Windows XP Windows Vista Windows 7 Windows 8Processor: 2GHz Intel Core 2 Duo or equivalentMemory: 1GB Ram (Windows XP) 2GB Ram (Windows Vista Windows 7 Windows 8)Graphics: 256MB with Shader Model 3.0 supportDirectX(r): 9.0cHard Drive: 6.7GB free hard drive spaceSound: DirectX 9 Compatible,Sumo Digital,//upload.wikimedia.org/wikipedia/en/thumb/8/89/Sonic_%26_All-Stars_Racing_Transformed_box_artwork.png/220px-Sonic_%26_All-Stars_Racing_Transformed_box_artwork.png
Max Payne,PC,2001-07-23,Shooter,4.47,5.07,Minimum:OS: Microsoft(r) Windows(r) 2000/XP (only)Processor: 450MHz AMD / Intel ProcessorMemory: 96 MB RAM (128 MB RAM or greater recommended)Graphics: 16MB Direct3D Compatible Graphics CardDirectX Version: DirectX 8.0Hard Drive: 830 MB Hard Drive Space for full install 530 MB for minimum installSound Card: DirectSound compatible sound card,Third-person shooter,//upload.wikimedia.org/wikipedia/commons/thumb/1/1e/Max_Payne_logo.jpg/250px-Max_Payne_logo.jpg
Mini Ninjas,PC,2009-09-08,Family,3.48,4.5,Minimum:                    OS: Windows XP and Vista                    Processor: PIV/Athlon 3.2ghz or higher processor                    Memory: 512MB system RAM (1GB Vista)                    Graphics: ATI Radeon X1300 or higher / Nvidia Geforce 6600 or higher (shader model 3 required) graphics card                    Hard Drive: 5.85GB free space                    Sound: DirectX 9 compatible sound card,IO Interactive,//upload.wikimedia.org/wikipedia/en/thumb/c/ce/Minininjas.jpg/220px-Minininjas.jpg
Street Fighter X Tekken,PC,2011-09-05,Action,3.29,4.47,Minimum Requirements at 800x600 resolution @ 30FPS):OS: Windows XPProcessor: Intel Dual Core 1.8GHz (or higher) or AMD Athlon II X2 (or higher) Memory: 1GB (or higher)Hard Disk Space: 10GB of free space Video Card: nVidia GF6600 (or higher) or ATi X1600 (or higher) with 256MB of RAMDirectX(r): 9.0cSound: DirectSound compatible DirectX 9.0c (or higher) compatible        Other Requirements: Online play requires software installation of and log-in to Games For Windows - LIVE,Dimps,//upload.wikimedia.org/wikipedia/en/thumb/f/fb/SF-X-Tekken_box_art.jpg/220px-SF-X-Tekken_box_art.jpg
Titan Quest,PC,2006-06-26,Action,3.9,4.39,Minimum: Windows(r) 2000 or XP 1.8 Ghz Intel Pentium IV or equivalent or AMD Athlon XP or equivalent  512 MB RAM 5 GB free hard drive space 64 MB NVIDIA GeForce 3 or equivalent or ATI Radeon 8500 series with Pixel Shader 1.1 support or equivalent DirectX(r) 9.0c compatible 16-bit sound card Keyboard MouseRecommended: Windows XP 3.0 Ghz Intel Pentium IV or equivalent 1 GB RAM 128 MB NVIDIA GeForce 6800 series or ATI Radeon X800 series or equivalent Soundblaster X-Fi series sound card,Iron Lore Entertainment,//upload.wikimedia.org/wikipedia/en/thumb/1/1c/Titan_Quest.jpg/220px-Titan_Quest.jpg
Machinarium,PC,2009-10-16,Family,4.13,4.32,OS: Microsoft(r) Windows(r) XP/Vista/7Processor: 1.8 Ghz ProcessorMemory: 1GB Ram Hard Drive: 380MB Free space,Amanita Design,//upload.wikimedia.org/wikipedia/en/thumb/4/4b/Machinarium-cover_art.png/220px-Machinarium-cover_art.png
Goodbye Deponia,PC,2013-10-15,Adventure,4.06,4.16,Minimum:OS: Windows Vista/7/8Processor: 2.5 GHz Single Core Processor or 2 GHz Dual Core ProcessorMemory: 2 GB RAMGraphics: OpenGL 2.0 compatible with 256 MB RAM (Shared Memory is not recommended)Storage: 3 GB available spaceAdditional Notes: Mouse,Daedalic Entertainment,//upload.wikimedia.org/wikipedia/en/thumb/1/1e/Goodbye_Deponia_coverart.png/220px-Goodbye_Deponia_coverart.png
Goodbye Deponia,PC,2013-10-15,Adventure,4.06,4.16,Minimum:OS: Windows Vista/7/8Processor: 2.5 GHz Single Core Processor or 2 GHz Dual Core ProcessorMemory: 2 GB RAMGraphics: OpenGL 2.0 compatible with 256 MB RAM (Shared Memory is not recommended)Storage: 3 GB available spaceAdditional Notes: Mouse,Daedalic Entertainment,//upload.wikimedia.org/wikipedia/en/thumb/1/1e/Goodbye_Deponia_coverart.png/220px-Goodbye_Deponia_coverart.png
Wildlife Park 3,PC,2014-05-12,Casual,0.0,4.0,Minimum:OS: 10/8/7/VISTA/2000/XPProcessor: 3 GHz Intel Pentium(r) D AMD Athlon(tm)64 3000+Memory: 1 GB RAMGraphics: NVIDIA GeForce 8600 GT ATI Radeon X1800 or better (min. 256 MB Video- RAM DirectX(r)9c Shadermodel 2.0)DirectX: Version 9.0c,B-Alive GmbH,//upload.wikimedia.org/wikipedia/en/thumb/8/8a/Wildlife_Park_Coverart.jpg/220px-Wildlife_Park_Coverart.jpg
Split/Second,PC,2010-05-18,Racing,3.88,3.95,Minimum:OS: Microsoft Windows 7 / Vista SP2 / XP SP3Processor: 3.0 GHz Intel Pentium D processor (Windows 7 / Vista) / 2.6 GHz Intel Pentium D processor (Windows XP) or 2.0 GHz AMD Athlon 64 X2 or equivalent processorMemory: 2560 MB RAMGraphics: 256 MB DirectX 9.0c-compatible 3D video card supporting Shaders 3.0 (NVIDIA GeForce 7600 or better ATI Radeon X1600 or better)DirectX: Version 9.0cStorage: 6656 MB available spaceSound Card: 16-bit DirectX 9.0c-compatible sound cardAdditional Notes: Onboard (built-in) integrated chipsets are not supported,Black Rock Studio,//upload.wikimedia.org/wikipedia/en/thumb/a/a8/Split_Second_Velocity_EU_Cover.jpg/220px-Split_Second_Velocity_EU_Cover.jpg
Grand Theft Auto III,PC,2001-10-22,Adventure,4.16,3.66,Minimum:OS: Microsoft(r) Windows(r) 2000/XPProcessor: Pentium III(r) 450 MHz CPUMemory: 96 MB RAMGraphics: 16 MB Direct 3D Video CardDirectX Version: Microsoft DirectX(r) 8.1Hard Drive: 500 MB uncompressed free hard disk spaceSound Card:Fully DirectX compatible Sound CardRecommended:Processor: 700 MHz CPUMemory: 128 MB RAMGraphics: 32 MB Direct3D Video Card,DMA Design,//upload.wikimedia.org/wikipedia/en/thumb/b/be/GTA3boxcover.jpg/220px-GTA3boxcover.jpg
The Longest Journey,PC,1999-11-18,Adventure,4.33,3.56,Minimum: Windows 2000/XP Pentium 166 MMX  32 MB RAM Mouse and Keyboard 640x480 SVGA high colour (16bit) video card with 2 MB RAM Windows compatible sound device 300 MB free hard drive spaceRecommended: Pentium II 266 mhz 64 MB RAM  3d accelarator card ( Direct 3d compatible ) with 4 MB RAM 1GB free hard drive space,Funcom,//upload.wikimedia.org/wikipedia/en/thumb/8/8a/The_Longest_Journey_%28game_box_art%29.jpg/220px-The_Longest_Journey_%28game_box_art%29.jpg
Railroad Tycoon 3,PC,2003-10-22,Strategy,2.64,3.52,Minimum: Windows 2000/XP (only) 400 mhz 128 MB RAM 1.2 GB Free Disk Space 16 MB 3D Video Card mouse and keyboard DirectX compatible sound card with speakers/headphones recommended.,PopTop Software,//upload.wikimedia.org/wikipedia/en/thumb/b/b8/Railroad_Tycoon_3_cover_art.jpg/220px-Railroad_Tycoon_3_cover_art.jpg
Botanicula,PC,2012-04-18,Adventure,3.89,3.08,OS:Microsoft(r) Windows(r) XP/Vista/7Processor:1.6 Ghz ProcessorMemory:1 GB RAMDirectX(r):5.0Hard Drive:700 MB HD space,Amanita Design,//upload.wikimedia.org/wikipedia/en/thumb/6/6d/Botanicula_video_game_cover.jpg/220px-Botanicula_video_game_cover.jpg
Syberia,PC,2002-05-28,Adventure,4.07,2.66,OS: Windows XP/Vista/7 Processor: 1GHz CPU Memory: 512MBHard Disk Space: 1.2GBVideo Card: DirectX compatible graphics card with 128 MB memoryDirectX(r): 9.0cSound: Sound card with DirectX 9.0c support,Microïds,//upload.wikimedia.org/wikipedia/en/thumb/c/c8/Syberia_Coverart.png/220px-Syberia_Coverart.png
Oil Rush,PC,2012-01-25,Strategy,2.37,2.38,Minimum:OS: XP                Processor: 2 GHz                Memory: 1 GB RAM                Graphics: NVIDIA 9600 256 MB or Intel HD 4000                Hard Drive: 3 GB HD space,UNIGINE Holding S.à r.l.,//upload.wikimedia.org/wikipedia/en/thumb/4/4e/Oil_Rush_cover.png/220px-Oil_Rush_cover.png
Jack Keane,PC,2007-07-31,Adventure,2.33,2.2,Minimum:OS: Microsoft Windows XP Windows VistaProcessor: Pentium IV 2 GHz / Athlon 2.4 GHzMemory: 512 MB RAM Graphics: DirectX 9.0c-compatible graphic card with 128 MB RAM (MX series and XGI Volari are not supported)Hard Drive: 1.5 GB hard-disk capacity Input Devices:  DirectX 9.0c-compatible keyboard and mouse,New York City,//upload.wikimedia.org/wikipedia/commons/thumb/d/dd/Jack_Keane.jpg/220px-Jack_Keane.jpg
Sacred Gold,PC,2004-10-21,Action,4.19,1.93,Minimum: Supported OS: Windows 2000/XP Processor: Intel Pentium(r) III 800 MHzMemory: 256 MB RAMGraphics: 16 MB DirectX 8 compatible graphics cardDirectX: DirectX(r) 9.0cSound: DirectX compatible sound cardHard Drive: 2 GB HD Space,Ascaron,//upload.wikimedia.org/wikipedia/en/thumb/6/6e/Sacred_game.jpg/220px-Sacred_game.jpg
Hospital Tycoon,PC,2007-06-07,Simulation,3.05,1.56,Minimum:                     Supported OS: Windows XP                    Processor: Pentium 4 @ 1.6 GHz or Athlon 1600+                    System Memory: 512MB RAM                    Video Card: GeForce 3 / Radeon 8500*                    Sound Card: DirectX Compatible Sound Card                    DirectX Version: DirectX 9.0c                    Hard Disk: 750 MB Hard Drive Space                    *Supported Graphics Cards:                    ATi Radeon 8500 9000 9100 9200 9500 9600 9700 9800 X300 X600 X700 X800 X1300 X1600 X1800 X1900 X1950                    nVidia Geforce 3-series 4-series (Not MX) FX5200 FX5600 FX5700 FX5950 6600 6800 7100 7300 7600 7800 7900 7950 8800.                     Not compatible with all integrated sound/graphics solutions (inc. Laptops).,DR Studios,//upload.wikimedia.org/wikipedia/en/thumb/c/c3/Hospital_Tycoon_PC_Cover.JPG/220px-Hospital_Tycoon_PC_Cover.JPG
Tomb Raider II,macOS,2011-10-27,Adventure,3.45,1.5,Minimum:OS:Windows XP / Windows Vista / Windows 7Processor:1.8 GHz ProcessorMemory:512 MB RAMGraphics:3D graphics card compatible with DirectX 9DirectX(r):9.0Hard Drive:2 GB HD space,Core Design,//upload.wikimedia.org/wikipedia/en/thumb/d/d4/Tomb_Raider_II.png/220px-Tomb_Raider_II.png
Euro Truck Simulator,PC,2008-08-06,Indie,3.56,1.44,Minimum:OS: Windows XPProcessor: 2.4 GHzMemory: 1 GB RAMGraphics: 256 MBDirectX(r): 9.0cHard Drive: 2 GB HD spaceSound: Any DirectX compatibleAdditional: Gamepad or steering wheel recommended,SCS Software,//upload.wikimedia.org/wikipedia/en/thumb/5/5c/Euro_Truck_Simulator_Box_Art.jpg/220px-Euro_Truck_Simulator_Box_Art.jpg
World of Zoo,PC,2009-10-26,Simulation,0.0,1.2,OS: Microsoft Windows XP/VistaProcessor: Intel Pentium IV processor running at 2 GHz AMD 64 Core 2 duo 1.6Ghz  or equivalent Memory: 512 MB RAM (1 GB RAM on Vista)Graphics: Nvidia GeForce 6600 GT or ATI Radeon x1600 with at least 64MB of memory (video cards with Pixel Shader version 1.1 or better are required)Display: DirectX-compatible display capable of 800x600 resolution in 16-bit colorDirectX(r): DirectX 9.0c and aboveHard Drive: 2GB of hard drive spaceSound: Sound: 16-bit Sound Blaster Compatible,Blue Fang Games,//upload.wikimedia.org/wikipedia/en/thumb/a/a4/WorldofZoo.jpg/220px-WorldofZoo.jpg
Bejeweled 2 Deluxe,PC,2006-08-30,Casual,3.55,0.8,Minimum Requirements: Windows 98/ME/2000/XP 128 MB RAM 500MHz or faster DirectX: 7.0,PopCap Games,//upload.wikimedia.org/wikipedia/en/d/d2/Bejeweled2cover.jpg
15 Days,PC,2010-06-24,Casual,0.0,0.5,Minimum:OS: Windows XP / Vista / 7 / 8 32 or 64 bitProcessor: 16 GHz Intel or AMDMemory: 1 GB RAMGraphics: DirectX 9 compliant video card Shader Model 2 and 128 MB VRAMDirectX: Version 9.0cStorage: 4 GB available spaceSound Card: DirectX compatible card,House of Tales,//upload.wikimedia.org/wikipedia/en/thumb/1/12/15_Days_game.jpg/220px-15_Days_game.jpg
Alone in the Dark,PC,2008-01-01,Adventure,3.32,0.4,Minimum:OS: Windows(r) XP/Vista 32 64 bitProcessor: Intel Pentium(r) D 2.6 GHz AMD Athlon(tm) X2 3800+Memory: 1 GB RAMGraphics: NVIDIA GeForce 7600 ATI Radeon X1650 XTDirectX: Version 9.0cNetwork: Broadband Internet connectionStorage: 9 GB available spaceAdditional Notes: An internet connection is needed at install first launch and to revoke license.,Survival horror,//upload.wikimedia.org/wikipedia/en/thumb/c/c2/Alone_in_the_Dark_1-2-3_logo.png/250px-Alone_in_the_Dark_1-2-3_logo.png
The 7th Guest,PC,1993-04-01,Adventure,3.39,0.25,Minimum:OS: Windows XP / Vista / 7Processor: 1.8 GHz ProcessorMemory: 512 MB RAMGraphics: 3D graphics cardDirectX: Version 9.0cStorage: 2 GB available space,Trilobyte,//upload.wikimedia.org/wikipedia/en/thumb/6/6b/The_7th_Guest_-_cover.jpg/220px-The_7th_Guest_-_cover.jpg
