Game,Minimum PC Requirements,Average Hours,Platform
Imperial Glory,Minimum:OS: Windows XPProcessor: 1 GHz ProcessorMemory: 256 MB RAMGraphics: 3D graphics card compatible with DirectX 7DirectX: Version 7.0Storage: 2 GB available spaceSound Card: DirectX 9 compatible sound,170.0,PC
Stronghold Kingdoms,OS: Windows XP SP2 Windows Vista SP1 or Windows 7/8/10 (Windows Update Recommended)Processor: 1GHz or FasterMemory: 512Mb RAM for Windows XP (1GB for Windows Vista & 7)Hard Disk Space: 150 Mb of Hard Drive SpaceVideo Card: DirectX 9 Compatible Graphics Card,100.07,PC
Grand Theft Auto V,Minimum:OS: Windows 8.1 64 Bit Windows 8 64 Bit Windows 7 64 Bit Service Pack 1 Windows Vista 64 Bit Service Pack 2* (*NVIDIA video card recommended if running Vista OS)Processor: Intel Core 2 Quad CPU Q6600 @ 2.40GHz (4 CPUs) / AMD Phenom 9850 Quad-Core Processor (4 CPUs) @ 2.5GHzMemory: 4 GB RAMGraphics: NVIDIA 9800 GT 1GB / AMD HD 4870 1GB (DX 10 10.1 11)Storage: 65 GB available spaceSound Card: 100% DirectX 10 compatibleAdditional Notes: Over time downloadable content and programming changes will change the system requirements for this game.  Please refer to your hardware manufacturer and www.rockstargames.com/support for current compatibility information. Some system components such as mobile chipsets integrated and AGP graphics cards may be incompatible. Unlisted specifications may not be supported by publisher.     Other requirements:  Installation and online play requires log-in to Rockstar Games Social Club (13+) network; internet connection required for activation online play and periodic entitlement verification; software installations required including Rockstar Games Social Club platform DirectX  Chromium and Microsoft Visual C++ 2008 sp1 Redistributable Package and authentication software that recognizes certain hardware attributes for entitlement digital rights management system and other support purposes.     SINGLE USE SERIAL CODE REGISTRATION VIA INTERNET REQUIRED; REGISTRATION IS LIMITED TO ONE ROCKSTAR GAMES SOCIAL CLUB ACCOUNT (13+) PER SERIAL CODE; ONLY ONE PC LOG-IN ALLOWED PER SOCIAL CLUB ACCOUNT AT ANY TIME; SERIAL CODE(S) ARE NON-TRANSFERABLE ONCE USED; SOCIAL CLUB ACCOUNTS ARE NON-TRANSFERABLE.  Partner Requirements:  Please check the terms of service of this site before purchasing this software.,85.34,PC
Football Manager 2016,Minimum:OS: Windows Vista 7 8 10Processor: Intel Pentium 4 Intel Core AMD Athlon 2.2GHz+Memory: 2 GB RAMGraphics: NVidia GeForce FX 5900 Ultra ATI Radeon 9800 Pro Intel GMA X3100 256MB VRAMDirectX: Version 9.0cStorage: 3 GB available spaceAdditional Notes: Earlier cards may only display 2D Match Viewer Mode and are not supported.  Earlier cards may require the DirectX 9.0 SDK is installed to run the game. Laptop versions of these chipsets may work but are not supported.,85.06,PC
NBA 2K16,Minimum:OS: Windows 7 64-bit Windows 8.1 64-bit or Windows 10 64-bitProcessor: Intel Core2 Duo or better (SSE3 or later)Memory: 4 GB RAMGraphics: DirectX 10.1 compatible (512 MB) or betterDirectX: Version 10Storage: 50 GB available spaceSound Card: DirectX 9.0x compatibleAdditional Notes: Dual-analog gamepad; Additional Notes: Initial installation requires one-time internet connection for Steam authentication; software installations required (included with the game) include DirectX and Visual C++ Redistributable 2010.,82.78,PC
Star Trek Online,OS: Windows XP SP2 / Windows Vista / Windows 7Processor: Intel Core 2 Duo 1.8 Ghz or AMD Athlon X2 +3800Memory: 1GB RAMGraphics: NVIDIA GeForce 7800 / ATI Radeon X1800 / Intel HD GraphicsDirectX(r): Version 9.0c or HigherHard Drive: 10GB Free Disk SpaceNetwork: Broadband Internet Connection Required,70.02,PC
Rocksmith 2014,Minimum:OS:Windows Vista Windows 7 Windows 8Processor:2.66 GHz Intel Core2 Duo E6750 or 2.8 GHz AMD Athlon 64 X2 5600+Memory:2 GB RAMGraphics:256 MB DirectX 9 / NVIDIA(r) GeForce(r) 8600 GT or ATI Radeon(tm) HD 2600 XTHard Drive:12 GB HD spaceSound:DirectX 9.0c-compliant,69.26,PC
Mortal Kombat X,Minimum:OS: 64-bit: Vista Win 7 Win 8 Win 10Processor: Intel Core i5-750 2.67 GHz | AMD Phenom II X4 965 3.4 GHzMemory: 3 GB RAMGraphics: NVIDIA GeForce GTX 460 | AMD Radeon HD 5850DirectX: Version 11Network: Broadband Internet connectionStorage: 36 GB available space,68.37,PC
APB Reloaded,Minimum:OS:Windows XPProcessor:Intel Core 2 Duo E6420 (2.13GHz) or AMD Athlon x2 5800+ (3.0GHz)Memory:3 GB RAMGraphics:GeForce 7800 with 256MB and support for Pixel Shader 3.0 or AMD equivalentDirectX(r):dx90cHard Drive:7 GB HD spaceOther Requirements:Broadband Internet connection,66.94,PC
Terraria,REQUIREDOS: Windows Xp Vista 7 8/8.1 10 Processor: 2.0 Ghz Memory: 2.5GBHard Disk Space: 200MB  Video Card: 128mb Video Memory capable of Shader Model 2.0+ DirectX(r): 9.0c or Greater,65.11,PC
Fallout 4,Minimum:OS: Windows 7/8/10 (64-bit OS required)Processor: Intel Core i5-2300 2.8 GHz/AMD Phenom II X4 945 3.0 GHz or equivalentMemory: 8 GB RAMGraphics: NVIDIA GTX 550 Ti 2GB/AMD Radeon HD 7870 2GB or equivalentStorage: 30 GB available space,64.45,PC
Borderlands 2,Minimum:OS: Windows XP SP3Processor: 2.4 GHz Dual Core ProcessorMemory: 2 GB(XP)/ 2 GB(Vista)Hard Disk Space: 13 GB freeVideo Memory: 256 MBVideo Card: NVIDIA GeForce 8500 /ATI Radeon HD 2600Sound: DirectX 9.0c CompatibleOther Requirements:Initial installation requires one-time internet connection for Steam authentication; software installations required (included with the game) include Steam Client DirectX 9 Microsoft .NET 4 Framework Visual C++ Redistributable 2005 Visual C++ Redistributable 2008 Visual C++ Redistributable 2010 and AMD CPU Drivers (XP Only/AMD Only),58.73,PC
Hearts of Iron III,Operating System: Microsoft(r) Windows(r) 2000/XP/Vista                Processor: Intel Pentium IV 2.4 GHz or AMD 3500+                 Memory: 2 GB of RAM                Hard Disk Space: 2 GB                Video Card: NVIDIA GeForce 8800 or ATI Radeon X1900 videocard                Sound: Direct X-compatible sound card                DirectX(r): Direct X 9.0,57.29,PC
Farming Simulator 2011,Minimum:OS: Microsoft Windows XP Vista and 7Processor: 2.0 GHz Intel or equivalent AMD processorMemory: 1 GB RAMGraphics: Nvidia Geforce 6800 Series ATI Radeon X850 S3 Chrome 430 GT or better (min 256 MB VRAM)Hard Drive: 1 GB free hard drive spaceSound: Sound card,54.75,PC
Pro Evolution Soccer 2016,Minimum:OS: Windows 10 / 8.1 / 8 / 7 SP1 / Vista SP2Processor: Intel Core 2 Duo @ 1.8 GHz  (AMD Athlon II X2  240  or equivalent processor)Memory: 1 GB RAMGraphics: nVidia GeForce 8800 / ATI Radeon X1600 / Intel HD Graphics 3000 or betterDirectX: Version 9.0cStorage: 9 GB available spaceSound Card: DirectX 9.0c Compatible sound card,54.67,PC
NBA 2K13,Minimum:OS:WindowsProcessor:Pentium 4 2.4 GHz Single Core processor or equivalent (2.8 GHZ for Vista/Win 7)Memory:512 MB or More (1 GB for Vista/Win 7)Graphics:DirectX 9.0c compatibleHard Drive:8 GB or more free spaceSound:DirectX 9.0c compatibleVideo Card:128 MB or more memory and one of the following chipsets is required: Radeon HD 2400 or greater; NVIDIA 6800 GT or greater; DirectX 9.0c compatible card with Shader Model 3.0 support.,50.78,PC
Supreme Commander 2,OS: Windows XP/Vista/Windows 7Processor: 3.0 GHz or better  AMD or Intel CPUMemory: 1GB RAM (XP) 1.5GB RAM (Vista / Win 7)Graphics: 256 MB VRAM with Pixel Shader 3.0DirectX(r): DirectX 9.0Hard Drive: 4-5 GB for full install & DirectXSound: No accelerated sound hardware requiredOther requirements: Internet Connection with Cable / Broadband,45.41,PC
Mass Effect 2,OS: Windows XP SP3 / Windows Vista SP1 / Windows 7Processor: 1.8GHz Intel Core 2 Duo or equivalent AMD CPUMemory: 1 GB RAM for Windows XP / 2 GB RAM for Windows Vista and Windows 7Graphics: 256 MB (with Pixel Shader 3.0 support)DirectX(r): DirectX 9.0c August 2008 (included)Hard Drive: 15 GBSound: DirectX 9.0c compatibleSupported Chipsets: NVIDIA GeForce 6800 or greater; ATI Radeon X1600 Pro or greater. Please note that NVIDIA GeForce 7300 8100 8200 8300 8400 and 9300; ATI Radeon HD3200 and HD4350 are below minimum system requirements. Updates to your video and sound card drivers may be required.,44.5,PC
Hotel Giant 2,Minimum:OS: Windows 98 2000 ME XP Vista 7 8 (Windows 95 and NT not supported)Processor: 1.5 GHz CPUMemory: 512 MB RAMGraphics: NVIDIA GeForce 5 series or above ATI Radeon 9 series or above with at least 256MB video memoryHard Drive: 2 GB of free spaceSound: DirectX 9 compatible sound card,44.0,PC
Port Royale 2,OS: Windows XP / VistaProcessor: Pentium III (or compatible) with 700MHz (or higher)Memory: 128 MB RAM (for Windows 98SE or ME) 256 MB RAM (for Windows 2000 or XP)Graphics: DirectX-8 compatible Graphic CardDirectX(r): DirectX 9Hard Drive: 700MB of free spaceSound: DirectX-8 compatible Sound Card,43.95,PC
Left 4 Dead,Minimum:                    Supported OS: Windows(r) 7 32/64-bit / Vista 32/64 / XP                    Processor: Pentium 4 3.0GHz                     Memory: 1 GB                    Graphics: 128 MB Shader model 2.0 ATI 9600 NVidia 6600 or better                     Hard Drive: At least 7.5 GB of free space                    Sound Card: DirectX 9.0c compatible sound card,42.45,PC
Euro Truck Simulator 2,Minimum:OS: Windows 7Processor: Dual core CPU 2.4 GHzMemory: 4 GB RAMGraphics: GeForce GTS 450-class (Intel HD 4000)Hard Drive: 3 GB available space,42.26,PC
Left 4 Dead 2,Minimum:OS: Windows(r) 7 32/64-bit / Vista 32/64 / XPProcessor: Pentium 4 3.0GHzMemory: 2 GB RAMGraphics: Video card with 128 MB Shader model 2.0. ATI X800 NVidia 6600 or betterDirectX: Version 9.0cStorage: 13 GB available spaceSound Card: DirectX 9.0c compatible sound card,41.94,PC
RIFT,Minimum:OS: Windows XP Vista or 7Processor: Dual Core 2.0 GHz or betterMemory: 2 GBGraphics: Nvidia GeForce FX 5900 ATI/AMD Radeon X300 Intel GMA X4500 or better.DirectX(r): 9.0c June 2010 updateHard Drive: 15.0 GB available Sound: DirectX 8.1 compliant cardOther: Broadband internet connection (DSL cable modem or other high speed connection),41.51,PC
X Rebirth,Minimum:OS: Windows 10 (64-bit) Windows 8 (64-bit) Windows 7 SP1 (64-bit) Vista SP2 (64-bit) XP SP3 (64-bit)Processor: Intel i-Series at 2GHz or AMD equivalentMemory: 4 GB RAMGraphics: Nvidia GT400 series with 512MB RAM or better ATI 4870HD with 512MB RAM or betterDirectX: Version 9.0cStorage: 8 GB available spaceSound Card: DirectX 9.0c Compatible Sound Card,40.0,PC
Knights of Honor,OS: Windows(r) XP Windows(r) 2000                    Processor: 1 GHz Intel(r) Pentium(r) III or AMD(r) Athlon(tm) processor                     Memory: 256 MB RAM                     Graphics: 16 MB video card with 1024x768 resolution                     Hard Drive: 1.2 GB free hard disk space plus space for saved games                     Sound: DirectX 9.x compatible sound card,39.8,PC
Mass Effect,Supported OS: Microsoft Windows(r) XP with SP2 or Windows Vista*                    Processor: Intel P4 2.4 Ghz or faster / AMD 2.0 Ghz                    Memory: 1.0 GB RAM or more (2.0 GB for Vista)                    Graphics: DirectX 9.0c compatible ATI X1300 XT or greater (ATI X1300 X1300 Pro X1600 Pro Radeon 2600  HD and HD 2400 are below minimum system requirements); NVidia GeForce 6800 or greater (7300 7600 GS 8500 are below minimum system requirements)                    Hard Drive: 12.0 GB or more free hard drive space                     Sound: DirectX 9.0c compatible                    DirectX(r): 9.0c                    * WINDOWS VISTA OR WINDOWS 7 USERS: Launching Mass Effect from Steam requires the setting Run as Administrator. If the User Account Control feature of Windows Vista is enabled launching Mass Effect from Steam will result in failure. For users with User Account Control enabled launch Steam using the Run as Administrator option or launch from the windows shortcut.                    INTERNET CONNECTION AND END USER LICENSE AGREEMENT REQUIRED TO PLAY.  MORE INFORMATION IS AVAILABLE AT WWW.EA.COM.,37.82,PC
Pillars of Eternity,Minimum:OS: Windows Vista 64-bit or newerProcessor: Intel Core i3-2100T @ 2.50 GHz / AMD Phenom II X3 B73Memory: 4 GB RAMGraphics: ATI Radeon HD 4850 or NVIDIA GeForce 9600 GTStorage: 14 GB available spaceSound Card: DirectX Compatible Sound Card,37.15,PC
EVE Online,Minimum: Supported OS: Windows 7 / 8.1 / 10Processor: CPU that supports SSE2 (Intel Dual Core @ 2.0 GHz AMD Dual Core @ 2.0 GHz)Memory: 2 GBHard Drive: 20 GB Free Space  Video: GPU with 256 MB VRAM or more that supports Shader Model 3 and DirectX 9.0c (AMD Radeon 2600 XT or NVIDIA GeForce 8600 GTS)Audio: Supports SSE Direct Sound compatibleDrivers: DirectX(r) 9.0c (included) and latest video driversNetwork: ADSL connection (or faster)Note that older graphics cards such as the NVIDIA 6000 and 7000 series may work but are not officially supported. Please note that Windows 95 98 ME NT 2000 XP and Vista are not supported.Note: the minimum screen resolution for EVE is 1024x768. Audio hardware must be Direct Sound compatible. For optimum performance use latest drivers available.,34.89,PC
Dungeon Defenders,Minimum:OS: Windows XPProcessor: 1 Ghz Dual-Core CPUMemory: 1 GB RAMHard Disk Space: 2GBVideo Card: Graphics Card with Shader Model 3 support 256 MB video memoryDirectX(r): 9.0cSound: DirectSound-compatible sound device,34.38,PC
The Binding of Isaac,OS: Windows XP Vista 7Processor: 2.5 GHzMemory: 1GBHard Disk Space: 50MBVideo Card: Direct X9.0c Compatible CardDirectX(r): DirectX(r) 9.0c,32.49,PC
Borderlands,OS: Windows XP/VistaProcessor: 2.4 Ghz or equivalent processor with SSE2 supportMemory: 1GB System RAM (2GB recommended with Vista)Graphics: 256mb video ram or better (GeForce 7 series or higher/Radeon HD3000 series or higher)Hard Drive: 8 GB or more free spaceSound: Windows compatible sound card,32.48,PC
Test Drive Unlimited 2,Minimum:OS: Windows XP SP2 Vista SP2 Windows 7Processor:Intel Core 2 Duo 2.2GHz or AMD Athlon X2 4400+Memory: 2GBGraphics: Nvidia GeForce 8800 / ATI Radeon HD 3870 or faster*DirectX(r): DirectX 9.0cHard Drive: 14 GBSound: DirectX 9.0c-compatiblePeripherals: Keyboard Mouse or 10-button controller such as Xbox 360 or Logitech Dual-ActionOther Requirements: Internet Broadband Connection Microsoft .NET 3.5 requiredNote:* Integrated video cards such as the ATI Radeon HD 3200 or Intel HD Graphics are not supported.,28.87,PC
Far Cry 3,Minimum:OS:Windows XP Windows Vista and Windows 7Processor:Intel Core(r)2 Duo E6700 @ 2.6 GHz or AMD Athlon64 X2 6000+ @ 3.0Ghz or betterMemory:4 GB RAMGraphics:512MB Video RAM (1GB Video RAM) DirectX9c (DirectX11) Shader Model 3.0 (Shader Model 5.0)DirectX(r):9.0cHard Drive:15 GB HD spaceSound:DirectX Compatible  (Recommended Surround Sound 5.1 capable)Other Requirements:Broadband Internet connectionAdditional:*Supported Video Cards at Time of Release: AMD Radeon(tm) HD 2900 / 3000 / 4000 / 5000 / 6000 / 7000 series NVIDIA(r) GeForce(r) 8800 GTX / 9 / 200 / 400 / 500 / 600 series. Laptop versions of these cards may work but are not supported. These chipsets are the only ones that will run this game. For the most up-to-date minimum requirement listings please visit the FAQ on our support website at http://support.ubi.com.Requires a UPlay account,28.04,PC
Saints Row 2,Minimum:                    Supported OS:Windows XP or Vista.                                           Processor: 2.0 GHz Intel Dual-Core Pentium IV or equivalent or AMD Dual-Core Athlon XP or equivalent                    Memory: 1 GB system RAM                     Graphics: 128MB 3D graphics card with Shader Model 3.0 support (i.e. 7600 NVidia card or better ATI X1300 card or better)                    DirectX Version: DirectX 9.0c                      Sound: DirectX 9.0c compatible 16-bit sound card                    Hard Drive: 15 GB of Hard Drive Space                    Display: DirectX compatible display capable of 640x480 in 16-bit color,27.11,PC
Sniper Elite,OS: Windows XP / VistaProcessor: 1GHz Pentium CPU or equivalentMemory: 256Mb RAMGraphics: GeForce2 32Mb or equivalentDirectX(r): DirectX 9.0cHard Drive: 4Gb free hard disk spaceSound: Windows compatible sound card,26.71,PC
Sacred 3,Minimum:OS: Windows Vista SP2 / 7 / 8Processor: Intel Pentium D945 (Dual Core 3400 MHz)/ AMD Athlon 64 X2 6000+ (Dual Core 3000 MHz)Memory: 2 GB RAMGraphics: Nvidia GeForce GT 610 (1024MB) / ATI Radeon 4770 (512MB)DirectX: Version 9.0cStorage: 25 GB available spaceSound Card: DirectX 9.0c-compatible,26.08,PC
Mount & Blade,OS: Windows 2000/XP/Vista                    Memory: 512 MB of RAM                    Graphics: Graphics card with at least 64 MB memory                    Hard Drive: 700 MB of hard disk space.,25.09,PC
Mafia II,Minimum:OS: Microsoft Windows XP (SP2 or later) / Windows Vista / Windows 7Processor: Pentium D 3Ghz or AMD Athlon 64 X2 3600+ (Dual core)  or higherRAM: 1.5 GB RAMHard Disk Space: 8GBVideo Card: nVidia GeForce 8600 / ATI HD2600 Pro or betterSound Card: 100% DirectX 9.0c compatible sound cardPeripherals: Keyboard and mouse or Windows compatible gamepadOther Requirements: Initial installation requires one-time internet connection for Steam authentication; software installations required (included with the game)include nVidia PhysX_drivers 10.04.02_9.10.0522and nVidia GPU drivers 197.13 or latest Steam Client and Microsoft DirectX.,24.94,PC
Cities in Motion,OS: Microsoft Windows XP/Vista/7Processor: 2 GHz Dual Core or higherMemory: 2 GB RAMHard Disk Space: 2 GBVideo Card: NVIDIA GeForce 8800/ATI Radeon HD 3850 or higher (integrated video cards not supported) 512 MB RAM OpenGL 3.0,23.6,PC
Sleeping Dogs,Minimum:OS: Windows Vista Service Pack 2Processor: Core 2 Duo 2.4 GHz or Althon X2 2.7 GHzMemory: 2GBHard Disk Space: 15GBVideo Card: DirectX 10 or 11 compatible Nvidia or AMD ATI card ATI Radeon 3870 or higher Nvidia GeForce 8800 GT or higherDirectX(r): 10Sound: DirectX compatible sound card,23.13,PC
Torchlight,OS: Windows XP or laterProcessor: x86-compatible 800MHz processorMemory: 512MBGraphics: DirectX-compatible 3D graphics with at least 64MB of addressable memory (such as an ATI Radeon 7200 NVIDIA GeForce 2 or Intel GMA 950)DirectX®: 9.0cHard Drive: 400MB,22.52,PC
Majesty 2 Collection,Minimum:OS: Windows XP/VistaProcessor: 2.0GHz dual core processorMemory: 1 GB RAMGraphics: GeForce 6800 GTX 512MB or better Pixel Shader 2.0DirectX(r): 9.0Hard Drive: 4 GB free Sound: DirectX-compatibleAdditional:LAN required for multiplayer,22.52,PC
Company of Heroes 2,Minimum:Memory: 2GB RAMProcessor: 2Ghz Intel Core2 Duo or equivalentGraphics: 512MB Direct3D 10 capable video card (GeForce 8800 GT or Radeon HD 2900XT)OS: 32bit Vista        Internet: Broadband Internet connectionHard Drive: 30GB free Hard disc space,22.47,PC
The Secret World,Minimum:OS: Windows XP (SP 1) / Vista (SP 1) / Windows 7 (SP 1)Processor: 2.6 GHZ Intel Core 2 DUO or equivalent AMD CPUMemory: At least 2GB RAM for Windows XP / 3GB Ram for Windows Vista and Windows 7Hard Disk Space: At least 30GB of free spaceVideo Card: nVidia 8800 series 512 VRAM or better/Radeon HD3850 512MB or betterDirectX(r): 9.0cSound: DirectX 9.0c compatible sound cardAdditional: Requires account registration (free) with the developer. 30 days of free Membership is included.,22.42,PC
Max Payne 3,OS: Windows 7 32/64 Service Pack 1 Windows Vista 32/64 Service Pack 2 Windows XP 32/64 Service Pack 3Processor: Intel Dual Core 2.4 GHZ -  i7 3930K 6 Core  x 3.06 GHZ / AMD Dual Core 2.6 GHZ - FX8150 8 Core x 3.6 GHZMemory: 2GB - 16GBHard Disk Space: 35 GigsVideo Card:  NVIDIA(r) 8600 GT 512MB VRAM - NVIDIA(r) GeForce(r) GTX 680 2GB VRAM / Radeon HD 3400 512MB VRAM - Radeon HD 7970 3GB VRAMSound Card: 100% Direct X 9.0 compatible - Direct X 9.0 compatible supporting Dolby Digital LiveAdditional:Please refer to your hardware manufacturer and http://support.rockstargames.com/home for current compatibility information. Some system components such as mobile chipsets                              Integrated and AGP graphics cards may be incompatible.  Unlisted specifications may not be supported by publisher.Other Requirements: Initial activation requires internet connection and a valid Rockstar Social Club account (13+ to register); Online play requires log-in to Rockstar Social Club (13+); software installation required including GameShield IronWrap; DirectX and Microsoft Visual C++ 2008 SP1 Redistributable Package (x86).,20.88,PC
Grand Theft Auto IV,OS: Windows Vista - Service Pack 1 / Windows XP - Service Pack 3                    Processor: Intel Core 2 Duo 1.8GHz AMD Athlon X2 64 2.4GHz                    Memory: 1.5GB XP / 1.5GB Vista                    Graphics: 256MB Nvidia 7900 / 256MB ATI X1900                    DirectX Version: DirectX 9.0c Compliant Card                     Hard Drive: 16GB of Hard Disc Space                     Sound Card: 5.1 Channel Audio Card                     Other Requirements: Initial activation requires internet connection; Online play requires log-in to Games For Windows - Live and Rockstar Games Social Club (13+ to register); software installations required including Adobe Flash DirectX Microsofts .NET Framework 3.0 Games For Windows - LIVE and Internet Explorer.,20.74,PC
TERA,Minimum:OS: Windows 7 32-bitProcessor: Intel i3 2130 / AMD FX 4130Memory: 4 GB RAMGraphics: GeForce 9800 GT / Radeon HD 3870DirectX: Version 9.0cNetwork: Broadband Internet connectionStorage: 45 GB available space,20.24,PC
Portal 2,Minimum:OS: Windows 7 / Vista / XPProcessor: 3.0 GHz P4 Dual Core 2.0 (or higher) or AMD64X2 (or higher)Memory: 2 GB RAMGraphics: Video card must be 128 MB or more and with support for Pixel Shader 2.0b (ATI Radeon X800 or higher / NVIDIA GeForce 7600 or higher / Intel HD Graphics 2000 or higher).DirectX: Version 9.0cStorage: 8 GB available spaceSound Card: DirectX 9.0c compatible,20.13,PC
Portal 2,Minimum:OS: Windows 7 / Vista / XPProcessor: 3.0 GHz P4 Dual Core 2.0 (or higher) or AMD64X2 (or higher)Memory: 2 GB RAMGraphics: Video card must be 128 MB or more and with support for Pixel Shader 2.0b (ATI Radeon X800 or higher / NVIDIA GeForce 7600 or higher / Intel HD Graphics 2000 or higher).DirectX: Version 9.0cStorage: 8 GB available spaceSound Card: DirectX 9.0c compatible,20.13,PC
Portal 2,Minimum:OS: Windows 7 / Vista / XPProcessor: 3.0 GHz P4 Dual Core 2.0 (or higher) or AMD64X2 (or higher)Memory: 2 GB RAMGraphics: Video card must be 128 MB or more and with support for Pixel Shader 2.0b (ATI Radeon X800 or higher / NVIDIA GeForce 7600 or higher / Intel HD Graphics 2000 or higher).DirectX: Version 9.0cStorage: 8 GB available spaceSound Card: DirectX 9.0c compatible,20.13,PC
Saints Row IV,Minimum:OS: Windows Vista (x86 or x64)Processor: Intel Core 2 Quad Q6600 | AMD Athlon II x3Memory: 4 GB RAMGraphics: NVIDIA GTX 260 | AMD Radeon HD 5800 seriesDirectX: Version 10Storage: 10 GB available space,19.87,PC
Dishonored,Minimum:OS: Windows Vista / Windows 7Processor: 3.0 GHz dual core or betterMemory: 3 GB system RAMHard Disk Space: 9 GBVideo Card: DirectX 9 compatible with 512 MB video RAM or better (NVIDIA GeForce GTX 460 / ATI Radeon HD 5850)Sound: Windows compatible sound card,19.6,PC
Tropico 5,Minimum:OS: Windows Vista SP2 Windows 7 Windows 8Processor: 2 GHz Dual Core CPUMemory: 4 GB RAMGraphics: GeForce 400 or higher AMD Radeon HD 4000 or higher Intel HD 4000 or higher (DirectX 11 hardware support required)DirectX: Version 11Storage: 4 GB available spaceSound Card: DirectX compatible,19.46,PC
F1 2015,Minimum:OS: Windows 7 64 bit or Windows 8 64 bitProcessor: Intel Core 2 Quad @ 3.0GHz or AMD Phenom II X4 @ 3.2GHzMemory: 4 GB RAMGraphics: Intel 4th Gen Iris Graphics or AMD HD5770 or NVIDIA GTS450DirectX: Version 11Network: Broadband Internet connectionStorage: 20 GB available spaceSound Card: DirectX Compatible soundcardAdditional Notes: Supported Graphics Cards: DirectX 11 Graphics Card Required Intel: 4th Gen Iris or Higher Intel Iris Pro Series AMD: HD5770 or Higher HD6770 or Higher HD7750 or Higher R7 250 or Higher R9 Series Nvidia: GTS450 or Higher GT545 or Higher GT640 or Higher GT740 or Higher GTX900 Series,18.9,PC
Lost Horizon,OS: Windows® XP/Vista(tm)/Windows 7™Processor: Pentium IV 2 GHz Single Core or 100 % compatible CPUMemory: 512 MB RAMGraphics: DirectX® 9-compatible AGP or PCI Express 64 MB video card or betterDirectX®: DirectX® 9Hard Drive: 4.5 GB of free hard disk spaceSound: DirectX® 9-compatible 16-bit sound card (optional),18.63,PC
Just Cause 2,Minimum:OS: Microsoft Windows Vista (Windows XP is unsupported)Processor: Dual-core CPU with SSE3 (Athlon 64 X2 4200 / Pentium D 3GHz)Memory: 2GB System MemoryHard Drive: 10GB of free drive spaceGraphics: DX10 compatible graphics card with 256 MB of memory(Nvidia GeForce 8800 series/ ATI Radeon HD 2600 Pro)Sound: 100% DirectX 10 compatible sound cardDirectX(r): Microsoft DirectX 10,18.59,PC
Fallout 3,Minimum:                    Operating system: Windows XP/Vista                    Processor: 2.4 Ghz Intel Pentium 4 or equivalent processor                     Memory: 1 GB (XP)/ 2 GB (Vista)                    Hard disk space: 7 GB                    Video: Direct X 9.0c compliant video card with 256MB RAM (NVIDIA 6800 or better/ATI X850 or better)                     Sound: DirectX(r): 9.0c                    Controller support:  Xbox 360 controller                    Other Requirements: Online play requires log-in to Games For Windows - Live                    Supported Video Card Chipsets:                     NVIDIA GeForce 200 series Geforce 9800 series Geforce 9600 series Geforce 8800 series Geforce 8600 series Geforce 8500 series Geforce 8400 series Geforce 7900 series Geforce 7800 series Geforce 7600 series Geforce 7300 series GeForce 6800 series                    ATI HD 4800 series HD 4600 series HD 3800 series HD 3600 series HD 3400 series HD 2900 series HD 2600 series HD 2400 series X1900 series X1800 series X1600 series X1300 series X850 series,18.15,PC
BioShock Infinite,Minimum:OS: Windows Vista Service Pack 2 32-bitProcessor: Intel Core 2 DUO 2.4 GHz / AMD Athlon X2 2.7 GHzMemory: 2GBHard Disk Space: 20 GB freeVideo Card: DirectX10 Compatible ATI Radeon HD 3870 / NVIDIA 8800 GT / Intel HD 3000 Integrated GraphicsVideo Card Memory: 512 MBSound: DirectX Compatible,17.4,PC
Evil Genius,Supported OS: Microsoft Windows XP / Vista                    Processor: Pentium(r) III 800MHz processor                    Memory: 128MB RAM                    Graphics: GeForce2 16Mb or equivalent                     Hard Drive: 1.4 GB of free hard drive space                    Sound Card: Windows compatible sound cardDirectX9(r): DirectX 9.0c,16.79,PC
GRID 2,Minimum OS: Windows Vista Windows 7 Windows 8                Processor: Intel Core 2 Duo @ 2.4Ghz or AMD Athlon X2 5400+                Memory: 2 GB RAM                Hard Disk Space: 15 GB HD space                                Video Card: Intel HD Graphics 3000 / AMD HD2600 / NVIDIA Geforce 8600                DirectX(r): 11                Sound: Direct X compatible soundcard                Additional: Broadband Internet connection                   Additional Supported Graphics Cards: Intel HD Graphics 3000 Intel HD Graphics 4000 Intel Graphics 5200.AMD Radeon HD2600 or higher HD3650 or higher HD4550 or higher HD5000 Series HD6000 Series HD7000 Series.NVIDIA GeForce 8600 or higher 9500 or higher GTX220 or higher GTX400 Series GTX500 Series GTX600 Series: AMD Fusion A8 or higher.,16.56,PC
Supreme Commander,Recommended:OS: Windows(r) XP Service Pack 2 Windows(r) VistaProcessor: 3.0 GHz Intel or equivalent AMD processor or betterMemory: 1 GB RAM or betterHard Disk Space: 8GB available hard drive spaceVideo Card: 256 MB video RAM with DirectX 9 Vertex Shader / Pixel Shader 2.0 support (Nvidia 6800 or better),16.35,PC
F1 2011,Minimum:OS: Windows XP/Vista/7Processor: Intel Core 2 Duo @ 2.4Ghz or AMD Athlon X2 5400+Memory: 2GB RamGraphics: GeForce 7800/Radeon X1800 or higherDirectX(r): DirectX 9.0cHard Drive:12.5 GB HD spaceSound: DirectX Compatible Soundcard or onboard audioOther Requirements: Online play requires log-in to Games For Windows - Live. Click here for a list of countries/regions with service.Network Requirements:Broadband internet connection required (512kbps+ recommended)TCP/IP NetworkSupported Graphics Cards:ATI Radeon x1800 x1900 x1950 HD2400 HD2600 HD2900 HD3XXX Series HD4XXX Series HD5XXX Series HD6XXX SeriesNVIDIA Geforce 7800 7900 7950 7950Gx2 8400 8600 8800 9600 9800 9800Gx2 GeForce 210 GT220 GTS250 GTX2XX Series GTX4XX Series GTX5XX SeriesNot compatible with all integrated sound/graphics solutions (inc. laptops).,15.74,PC
Tomb Raider,Minimum:OS:Windows XP Service Pack 3 Windows Vista78 (32bit/64bit)Processor:Dual core CPU: AMD Athlon64 X2 2.1 Ghz (4050+) Intel Core2 Duo 1.86 Ghz (E6300)Memory:1GB Memory (2GB on Vista)Graphics:DirectX 9 graphics card with 512Mb Video RAM: AMD Radeon HD 2600 XT nVidia 8600DirectX(r):9.0cHard Drive:12 GB HD spaceOther Requirements:Broadband Internet connection,15.61,PC
Ship Simulator Extremes,OS: Windows XP (Min. service pack 2) Windows Vista or Windows 7. 32 and 64 bits OS supportedProcessor: 3 Ghz P4 Intel or AMD equivalent processorMemory: 2GB (Windows XP) or 3GB (Vista or Windows 7)Hard Disk Space: 3.5 GBVideo Card: Geforce 8800GT or ATI Radeon 4850 with 256MB ram (At least Shader model 3.0)Sound: DirectX compatibleDirectX(r): 9.0c,15.43,PC
Defiance,Minimum:OS: Windows XP SP2Processor: Intel Core 2 Duo 2.0 GHz CPU or betterMemory: 2 GB System RAMGraphics: 512MB video card (NVIDIA GeForce 8600 ATI Radeon HD 2900 or Intel HD 4000 integrated graphics or better)DirectX(r): 9.0cHard Drive: 15 GB free hard drive spaceSound: DirectX 8.1 compatible sound cardInternet: Broadband internet connection,15.42,PC
4 Elements,Minimum:OS: Windows 98/ME/NT/2000/XP/VistaProcessor: 1GHz or betterMemory: 256+ MBGraphics: 64 MB/16-bit Graphics CardDirectX(r): DirectX 8.0 or higherHard Drive: 62+ MB Space FreeSound: 16-bit Sound card,14.85,PC
Project CARS,Minimum:OS: Windows Vista Windows 7 with latest Service PacksProcessor: 2.66 GHz Intel Core 2 Quad Q8400 3.0 GHz AMD Phenom II X4 940Memory: 4 GB RAMGraphics: nVidia GTX 260 ATI Radeon HD 5770DirectX: Version 9.0Network: Broadband Internet connectionStorage: 25 GB available spaceSound Card: DirectX compatible sound cardAdditional Notes: For racing wheel support check:  http://www.projectcarsgame.com/beyond-reality.html,14.13,PC
Two Worlds II,OS: Windows XP SP3 Windows Vista Windows 7Processor: Intel or AMD Single-Core Prozessor (20 GHz) or betterMemory: 2 GB or moreGraphics: Radeon HD Geforce 8800GT (Shader 3.0 and 512 MB RAM)DirectX(r): DirectX 9.0c or OpenGLHard Drive: 8 GBSound:  DirectX comp. Stereo Sound CardOther: Internet connection with 6.000 BPS or more for Multiplayer recommended,14.0,PC
Risen,OS: Windows XP(tm) (with Service Pack 3)Processor:  2 GHz Intel(r) Pentium(tm) 4 Single-core ProcessorMemory:  1 GB RAMGraphics: 256 MB DirectX(tm) 9.0c compatible graphics card (nVidia(r) GeForce(r) 7900/ATI Radeon(tm) X1800 or better)DirectX(r): DirectX(tm) 9.0c compatible graphic card driverHard Drive: 2.5 GB free Hard Drive spaceSound:  100% DirectX(tm) 9.0c compatible sound cardController Support:  Keyboard Mouse,13.47,PC
Homefront,MinimumOS: Windows XP Windows Vista or Windows 7Processor: Intel Pentium Core 2 Duo 2.4 GHz or AMD Athlon X2 2.8GHzMemory: 2 GB RAM Graphics: Shader Model 3.0 graphics card with 256MB of memory NVIDIA GeForce 7900GS or ATI Radeon 1900XTDirectX(r): Hard Drive: 10GB of free hard drive space Sound:,13.24,PC
Demigod,Minimum:OS:Windows 10 / 8 / 7 / Vista SP1 / XP SP3Processor:2.4 GHz ProcessorMemory:512 MB RAMGraphics:128 MB DirectX 9.0c 3D Video CardDirectX(r):dx90cHard Drive:8 GB HD spaceSound:DirectX 9.0c CompatibleOther Requirements:Broadband Internet connection also to activate this game you must create a Stardock account while launching the game on Steam.,13.09,PC
Game of Thrones,OS: WINDOWS XP SP3/WINDOWS VISTA SP2/WINDOWS 7Processor: AMD/INTEL DUAL-CORE 2.2 GHZMemory: 2048 MBGraphics: 256 MB 100% DIRECTX 9 AND SHADERS 3.0 COMPATIBLE.  ATI RADEON HD 2600 XT/NVIDIA GEFORCE 7900 GTX OR HIGHERDirectX(r): 9Hard Drive: 7 GBSound: DIRECTX 9 COMPATIBLEInternet: INTERNET CONNECTION REQUIRED THE GAME ACTIVATION,12.68,PC
Gray Matter,Minimum:OS: Windows XP/Windows Vista/Windows 7/Windows 8Processor: 1.8 GHz Processor or fasterMemory: 1 GB RAMGraphics: DirectX 9.0 compatible 256 MB Graphics Card with Shader 2.0DirectX: Version 9.0Storage: 6 GB available space,12.6,PC
Alan Wake,Minimum:OS: Windows XP SP2Processor: Dual Core 2GHz Intel or 2.8GHz AMDMemory: 2 GB RAMGraphics: DirectX 10 compatible with 512MB RAMDirectX(r): 9.0cHard Drive: 8 GB HD spaceSound: DirectX 9.0c compatible,11.88,PC
Overlord II,OS:Windows XP SP2+Processor: Pentium 4 3.0Ghz/Athlon 64bit 3000+Memory: 1GBGraphics: GeForce 6800+/ATI X1600+ with 256MBDirectX(r): DirectX 9.0cHard Drive: 5GBSound: DirectX Compatible Sound CardMultiplayer is no longer available,11.08,PC
Homeworld Remastered Collection,Minimum:OS: Windows VistaProcessor: 2.2GHz Dual Core ProcessorMemory: 1 GB RAMGraphics: NVIDIA GeForce 8800 GTS (512MB) / ATI Radeon HD4800 (512MB)Storage: 20 GB available spaceAdditional Notes: * Game engine uses OpenGL3.3 It is important that you get the latest drivers for your video card to ensure compatibility with this product.,11.05,PC
Magicka,OS: Windows XP/Vista/7 (32- or 64-bit)Processor: Intel(r) Pentium(r) IV 2.4 GHz or AMD 3500+Memory: 2 GB RAMHard Disk Space: 2 GB Available SpaceVideo Card: NVIDIA(r) GeForce 8800 or ATI Radeon(r) X1900 (Integrated Video Cards not recommended)DirectX(r): DirectX 9Sound: DirectX-compatible sound cardAdditional: 3-button mouse keyboard and speakers. DSL Internet connection for multiplayer. .NET 3.5 required,10.64,PC
DiRT Rally,Minimum:OS: 64bit Versions of Windows 7 Windows 8 Windows 10Processor: AMD FX Series or Intel Core i3 SeriesMemory: 4 GB RAMGraphics: AMD HD5450 or Nvidia GT430 or Intel HD4000 with 1GB of VRAM (DirectX 11 graphics card required)DirectX: Version 11Storage: 50 GB available spaceSound Card: DirectX Compatible soundcardAdditional Notes: Supported Graphics Cards: AMD HD5000 Series HD6000 Series HD7000 Series R7 Series R9 Series Nvidia GTX400 Series GTX500 Series GTX600 Series GTX700 Series GTX900 Series Intel HD4000 Series HD5000 Series,10.54,PC
Rugby League Team Manager 2015,Minimum:OS: Windows  XP/Vista/7/8/10Processor: 1 GHzGraphics: 2D or 3D AcceleratorDirectX: Version 9.0cStorage: 4 GB available spaceSound Card: 9.0c compatible audio card DirectX(r): 9.0cAdditional Notes: 1024 x 768 or 1024 x 600 24-bit colour Display,10.25,PC
War for the Overworld,Minimum:OS: Windows 7  Windows 8  Windows 10Processor: Dual Core CPU @ 2.0GHzMemory: 4 GB RAMGraphics: Nvidia GT400 series with 512MB RAM or better ATI 4870HD with 512MB RAM or betterHard Drive: 7 GB available space (may increase in the future)Sound: Speakers or headphones,10.15,PC
The Book of Unwritten Tales,Minimum:OS:Windows XP SP 3 (32bit) / Vista SP 2 / Windows 7 SP 1 Processor:Pentium IV 2 GHz / Athlon 2.4 GHz Memory:2 GB RAMGraphics:Direct-X 9c compliant video card with 128 MB RAM PixelShader 2.0 DirectX(r):9.0cHard Drive:6 GB HD space,9.96,PC
Guild Wars Trilogy,Minimum                    Operating System: Microsoft(r) Windows(r) 2000/XP                    Processor: Intel(r) Pentium(r) III 1.0 GHz or equivalent                    Memory: 512 MB RAM                    Hard Disk Space: 3 GB Available HDD Space                    Video Card: ATI(r) Radeon(r) 8500 or NVIDIA(r) GeForce(tm) 3 Series Video Card with 64MB of VRAM                    Sound Card: 16-bit Sound Card                    Internet Connection: 56k Internet connection,9.9,PC
Company of Heroes,Minimum:                    OS: Windows(r) XP or Vista                    Processor: 2.0 Ghz Intel Pentium IV or equivalent or AMD Athlon XP or equivalent                    Memory: 512 MB RAM                    Graphics: DirectX 9.0c compatible 64MB video card with Pixel Shader 1.1 support or equivalent and latest manufacturer drivers                    Hard Drive: 9 GB of uncompressed free hard drive space (We recommend having 1 gigabyte of free space after installation)                    Sound: DirectX(r) 9.0c compatible 16-bit sound card                    Required for Multiplayer: Broadband internet connection and latest drivers.* Supported Video Cards: NVIDIA: NVIDIA GeForce 3 series or better with latest manufacturer drivers (excluding the GeForce 4 MX series) ATI: ATI Radeon 9500 series or better with latest manufacturer drivers                    Internet connection required for play,9.84,PC
Duke Nukem Forever,Minimum:OS: Windows XP/Vista/7Processor: Intel Core 2 Duo @ 2.0 Ghz / AMD Athlon 64 X2 @ 2.0 GhzMemory: 1 GbHard Disk Space: 10 Gb freeVideo Memory: 256 MBVideo Card: nVidia GeForce 7600 / ATI Radeon HD 2600Sound Card: DirectX CompatibleOTHER REQUIREMENTS & SUPPORTS: Initial installations required (included with the game) are Microsoft DirectX Visual C++ 2005 Redistributable (ATL) Visual C++ 2008 Redistributable and AMD Dual Core Optimizer. (AMD optimizer required only for specific AMD processors to run the game correctly but installs for all of them.)OTHER REQUIREMENTS & SUPPORTS: Does not support Windows XP 64,9.82,PC
F1 2014,Minimum:OS: Windows Vista Windows 7 or Windows 8Processor: Intel Core 2 Duo @ 2.4Ghz or AMD Athlon X2 5400+Memory: 2 GB RAMGraphics: AMD HD2600 or NVIDIA Geforce 8600Network: Broadband Internet connectionStorage: 10 GB available spaceSound Card: DirectX Compatible soundcardAdditional Notes: Supported Graphics Cards: *AMD Radeon HD2600 or higher HD3650 or higher HD4550 or higher HD5000 Series HD6000 Series HD7000 Series R7 Series and R9 Series. *nVidia GeForce 8600 or higher 9500 or higher GTX220 or higher GTX400 Series GTX500 Series GTX600 Series GTX700 Series. Intel HD Graphics 3000 or higher AMD Fusion A8 or higher.,9.22,PC
Metro 2033,Minimum:OS: Windows XP Vista or 7Processor: Dual core CPU (any Core 2 Duo or better)Memory: 1GB RAMGraphics: DirectX 9 Shader Model 3 compliant graphics cards (GeForce 8800 GeForce GT220 and above)DirectX(r): DirectX 9.0cEnabling 3D Vision:Metro 2033 utilizes NVIDIA 3D Vision with compatible cards and hardware. To play Metro 2033 in 3D you will require:NVIDIA GeForce GTX 275 and above recommended A 120Hz (or above) monitorNVIDIA 3D Vision kit Microsoft Windows Vista or Windows 7,8.95,PC
GRID Autosport,Minimum:OS: Windows Vista Windows 7 or Windows 8Processor: Intel Core 2 Duo @ 2.4Ghz or AMD Athlon X2 5400+Memory: 2 GB RAMGraphics: Intel HD3000 or AMD HD2000 Series or NVIDIA Geforce 8000 Series SeriesNetwork: Broadband Internet connectionStorage: 15 GB available spaceSound Card: Direct X compatible soundcardAdditional Notes: Supported Graphics Cards  *Intel HD3000 Series HD4000 Series HD5000 Series *AMD Radeon HD2000 Series HD3000 Series HD4000 Series HD5000 Series HD6000 Series HD7000 Series R7 Series R9 Series *NVIDIA GeForce 8000 Series 9000 Series GTX200 Series GTX400 Series GTX500 Series GTX600 Series GTX700 Series *AMD Fusion A8 or higher,8.93,PC
Elven Legacy,Minimum                    Operating System: Microsoft(r) Windows(r) XP / Vista                    Processor: Intel(r) Pentium(r) IV 1.5 GHz or AMD(r) 2000+ (single core)                    Memory: 512 MB RAM                    Hard Disk Space: 3 GB Available HDD Space                    Video Card: NVIDIA(r) GeForce(tm) FX 5700 or ATI(tm) Radeon(r) 9600 and above Video Card                    Sound Card: DirectX-compatible Sound Card                    DirectX(r) Version: DirectX(r) Version 9.0c (4.09.0000.0904),8.6,PC
The Evil Within,Minimum:OS: 64-bit Windows 7 SP1/Windows 8.1Processor: i7 or an equivalent with four plus core processorMemory: 4 GB RAMGraphics: GTX 460 or equivalent 1 GB VRAM cardDirectX: Version 11Storage: 50 GB available spaceAdditional Notes: Its worth noting that the 50 GB of space required is for the PC install. When the installation is complete the game will take up ~41 GB of HDD space,8.55,PC
Clockwork Empires,Minimum:OS: Windows 7 Operating System of The Lower ClassesProcessor: Intel i5 Processor or Equivalent (The Little Scrapper model)Memory: 4 GB RAMGraphics: NVIDIA or AMD card capable of supporting OpenGL 3.2 Core or Above. INTEL HD3000 AND HD4000 GRAPHICS CARDS ARE NOT SUPPORTED.DirectX: Version 9.0Storage: 4 GB available spaceSound Card: Lord Palmerstokes Sound-Reproducing Old-Timey Wax Cylinder DriverAdditional Notes: INTEL HD3000 AND HD4000 GRAPHICS CARDS ARE NOT SUPPORTED. The Ministry for Video Game Drivers would like to remind you: true Patriots of the Empire always install their latest Graphics Card Drivers before Enjoying A Bracing Video Game lest the Blackness Consume Us All.,8.5,PC
The Night of the Rabbit,Minimum:OS:Windows Vista/7Processor:2.5 GHz (Single Core) or 2 GHz (Dual Core)Memory:2 GB RAMGraphics:OpenGL 2.0 compatible with 256 MB RAM (Shared Memory is not recommended)DirectX(r):9.0cHard Drive:6 GB HD spaceSound:DirectX compatible,8.4,PC
Front Mission Evolved,Minimum:OS: Windows XP Vista Windows 7Processor: Intel Pentium D 1.8 GHz or AMD Athlon 64 x2 1.8 GHzMemory: 1GB RAM (XP) 2GB RAM (Vista/7)Graphics: 512MB NVIDIA GeForce 7800 series graphics card or equivalentDirectX(r): 9.0cHard Drive: 11 GB Free SpaceSound: DirectX(r) 9.0c compatible sound card Controller Support: Mouse Keyboard Xbox 360 Controller,8.19,PC
LEGO The Lord of the Rings,OS: Microsoft(r) Windows(r) XP SP3 Vista or Windows(r) 7                 Processor: Dual Core CPU @ 2GHz (Pentium D or better)                Memory: 1GB RAM                Hard Disk Space: 8 GB free HDD space                Video Card: NVIDIA(r) 7600 7800 8800 GT or ATI Radeon(tm) HD 1950 or higher                 Sound: 16-bit Sound Card,7.95,PC
F.E.A.R. 3,Minimum:OS: Windows XPProcessor: Intel Core 2 Duo 2.4Ghz AMD Athlon X2 4800+Drive Space: 4.4GBRAM: 2GBVideo Card: NVIDIA 8800 GT 512MB RAM ATI 3850HD 512Mb RAM or betterDirectX(r): 9.0c,7.74,PC
The Testament of Sherlock Holmes,Minimum:OS:WINDOWS XP SP3/WINDOWS VISTA SP2/WINDOWS 7Processor:AMD/INTEL DUAL-CORE 2 GHZMemory:2048 MB RAMGraphics:256 MB 100% DIRECTX 9 AND SHADERS 3.0 COMPATIBLE ATI RADEON HD 2600 XT/NVIDIA GEFORCE 8600 GT OR HIGHERDirectX(r):9.0cHard Drive:14 GB HD spaceSound:DIRECTX 9 COMPATIBLE,7.52,PC
Take On Helicopters,Minimum:OS:Windows XPProcessor:Intel Dual-Core 2.4 GHz or AMD Dual-Core Athlon 2.5 GHz or fasterMemory:2 GB RAMGraphics:NVIDIA GeForce 8800GT or ATI Radeon 4850 with Shader Model 3 and 512 MB VRAM or fasterDirectX(r):dx90cHard Drive:20 GB HD spaceSound:DirectX 9.0c compatible audio-card,7.51,PC
Worms Reloaded,OS: Windows XP Vista 7Processor: 1.25GHz AMD Athlon or Intel equivalent Memory: 1GB Graphics: 128MB Video Card (GeForce4 or equivalent card)DirectX(r): DirectX(r) 9 or aboveHard Drive: 2063MBSound: DirectX(r) 9.0c-compliant sound cardOther Requirements: Internet connection required,7.43,PC
Blitzkrieg 2 Anthology,Minimum:OS: Windows 98/ME/2000/XPProcessor: 24GHz Pentium 4 / AthlonMemory: 512 MB RAMGraphics: 128 Mb Video card GeForce 4 / Radeon 9600DirectX: Version 9.0Storage: 2 GB available space,7.27,PC
The Darkness II,Minimum:OS: Windows XP/Vista/7Processor: Intel Core 2 @ 2GHz / AMD Athlon 64 X2 4200+Memory: 1.5GB RAM Hard Disk Space: 10GBVideo Card: 256MB NVIDIA GeForce 8600 / ATI Radeon HD 2600Sound: DirectX CompatibleAdditional: Requires installation of Visual C++ 2008 Redistributable DirectX and nVidia PhysX version 9.11.1107 (included with download),7.2,PC
Crysis,Minimum:Supported OS: Windows XP or Windows Vista***Processor: 2.8 GHz or faster (XP) or 3.2 GHz or faster* (Vista)Memory: 1.0 GB RAM (XP) or 1.5 GB RAM (Vista)Graphics: 256 MB**DirectX Version: DirectX 9.0c (included)Sound: DirectX 9.0c compatibleHard Drive: 12GB* Supported Processors: Intel Pentium 4 2.8 GHz (3.2 GHz for Vista) or faster Intel Core 2.0 GHz (2.2 GHz for Vista) or faster AMD Athlon 2800+ (3200+ for Vista) or faster.** Supported chipsets: NVIDIA GeForce 6800 GT or greater; ATI Radeon 9800 Pro (Radeon X800 Pro for Vista) or greater. Laptop versions of these chipsets may work but are not supported. Integrated chipsets are not supported. Updates to your video and sound card drivers may be required.*** Currently only the 32-bit version is available.,6.91,PC
Deponia,Minimum:OS:Windows Vista/7Processor:2.5 GHz (Single Core) or 2 GHz (Dual Core)Memory:2 GB RAMGraphics:OpenGL 2.0 compatible with 512 MB RAM (Shared Memory is not recommended)DirectX(r):9.0cHard Drive:5 GB HDD spaceSound:DirectX compatible,6.59,PC
Devil May Cry 4,Minimum:OS: Windows XP Service Pack 2Processor: Intel 4 Pentium processor or betterMemory: 512 MBGraphics: NVIDIA GeForce 6600 series or betterHard Drive: 8GB of free space,6.37,PC
Dungeon Siege III,Minimum: OS: Windows XP SP3 Vista SP1 Windows 7Processor: Core 2 Duo 2.5 GHz or equivalentMemory: 1.5 GBGraphics: ATI Radeon HD 3870 or NVIDIA 9800 GTDirectX(r): DirectX(r) 9.0cHard Drive: 4 GB for full installationSound: No accelerated sound hardware required,6.35,PC
Airline Tycoon 2,OS: Windows XP / Vista / 7Processor: 3 GHz Intel Pentium D / AMD Athlon 64 3000+Memory: 1 GBHard Disk Space: Video Card: Nvidia Geforce 8600 GT / ATI Radeon X 1800DirectX(r): 9.0cSound: DirectX-compatible,6.2,PC
Remember Me,Minimum:OS:Windows Vista(r)/XP Windows 7 Windows 8Processor:Intel(r) CoreTM2 Duo 2.4 Ghz or better AMD Athlon(tm) X2 2.8 Ghz or betterMemory:2 GB RAMGraphics:NVIDIA(r) GeForce(r) 8800GTS or better ATI Radeon(tm) HD 3850 or betterHard Drive:9 GB HD spaceSound:Standard audio deviceOther Requirements:Broadband Internet connection,5.98,PC
Sonic & All-Stars Racing Transformed,Minimum:OS: Windows XP Windows Vista Windows 7 Windows 8Processor: 2GHz Intel Core 2 Duo or equivalentMemory: 1GB Ram (Windows XP) 2GB Ram (Windows Vista Windows 7 Windows 8)Graphics: 256MB with Shader Model 3.0 supportDirectX(r): 9.0cHard Drive: 6.7GB free hard drive spaceSound: DirectX 9 Compatible,5.79,PC
Half-Life,Minimum: 500 mhz processor 96mb ram 16mb video card Windows XP Mouse Keyboard Internet ConnectionRecommended: 800 mhz processor 128mb ram 32mb+ video card Windows XP Mouse Keyboard Internet Connection,5.74,PC
Just Cause,Minimum: Microsoft Windows(r) 2000/XP. (Windows(r) 95/98/ME/NT not supported)Pentium IV 1.4GHz (or AMD AthlonXP 1700+ processor or higher).256MB System Memory.3D Hardware Accelerator Card Required - 100% DirectX(r) 9.0c compatible with 128 MB and Shader model 2.0. (GF FX 5700   or ATI 9500) 100% DirectX(r) 9.0c compatible 16-bit sound card and latest drivers4.0GB of uncompressed free disk space (plus 600MB for Windows(r) 2000/XP swap file)100% Windows(r) 2000/XP compatible mouse keyboard and latest drivers.Recommended: Pentium(r) IV 2.8GHz with Dual Core Technology (or Athlon 64 series).512MB System Memory.3D Hardware Accelerator Card Required - 100% DirectX(r) 9.0c compatible with 256 MB and Shader model 2.0. All nVidia(r) GeForce(tm) 7 series or higher.Sound Blaster(r) X-Fi series or higher.Optimal: Pentium(r) D Processor with Dual Core Technology (or Athlon 64 X2 series).1GB System Memory.All nVidia(r) GeForce(tm) 7800 series or higher.Sound Blaster(r) X-Fi series or higher.,5.55,PC
Max Payne,Minimum:OS: Microsoft(r) Windows(r) 2000/XP (only)Processor: 450MHz AMD / Intel ProcessorMemory: 96 MB RAM (128 MB RAM or greater recommended)Graphics: 16MB Direct3D Compatible Graphics CardDirectX Version: DirectX 8.0Hard Drive: 830 MB Hard Drive Space for full install 530 MB for minimum installSound Card: DirectSound compatible sound card,5.07,PC
Dead Space,Supported OS: Microsoft Windows(r) XP SP2 or Vista                    Processor: 2.8 GHz or faster                    Memory: 1 GB RAM or more for Windows XP (2 GB for Vista)                    Graphics: DirectX(r) 9.0c compatible video card Shader Model 3.0 required 256 MB or better NVIDIA GeForce 6800 or better (7300 7600 GS and 8500 are below minimum system requirements) ATI X1600 Pro or better (X1300 X1300 Pro and HD2400 are below minimum system requirements)                     Hard Drive: 7.5 GB free space                    Sound: DirectX(r) 9.0c compatible sound card                     INTERNET CONNECTION ONLINE AUTHENTICATION AND ACCEPTANCE OF END USER LICENSE AGREEMENT REQUIRED TO PLAY. EA MAY RETIRE ONLINE FEATURES AFTER 30 DAYS NOTICE POSTED ON WWW.EA.COM.,5.04,PC
Monopoly,Minimum:OS:Windows XP SP3/Vista/7Processor:1.4+GHzMemory:2+ GB RAMGraphics:256+MBDirectX®:9.0cHard Drive:1+ GB HD space,4.72,PC
Mini Ninjas,Minimum:                    OS: Windows XP and Vista                    Processor: PIV/Athlon 3.2ghz or higher processor                    Memory: 512MB system RAM (1GB Vista)                    Graphics: ATI Radeon X1300 or higher / Nvidia Geforce 6600 or higher (shader model 3 required) graphics card                    Hard Drive: 5.85GB free space                    Sound: DirectX 9 compatible sound card,4.5,PC
Street Fighter X Tekken,Minimum Requirements at 800x600 resolution @ 30FPS):OS: Windows XPProcessor: Intel Dual Core 1.8GHz (or higher) or AMD Athlon II X2 (or higher) Memory: 1GB (or higher)Hard Disk Space: 10GB of free space Video Card: nVidia GF6600 (or higher) or ATi X1600 (or higher) with 256MB of RAMDirectX(r): 9.0cSound: DirectSound compatible DirectX 9.0c (or higher) compatible        Other Requirements: Online play requires software installation of and log-in to Games For Windows - LIVE,4.47,PC
Titan Quest,Minimum: Windows(r) 2000 or XP 1.8 Ghz Intel Pentium IV or equivalent or AMD Athlon XP or equivalent  512 MB RAM 5 GB free hard drive space 64 MB NVIDIA GeForce 3 or equivalent or ATI Radeon 8500 series with Pixel Shader 1.1 support or equivalent DirectX(r) 9.0c compatible 16-bit sound card Keyboard MouseRecommended: Windows XP 3.0 Ghz Intel Pentium IV or equivalent 1 GB RAM 128 MB NVIDIA GeForce 6800 series or ATI Radeon X800 series or equivalent Soundblaster X-Fi series sound card,4.39,PC
Machinarium,OS: Microsoft(r) Windows(r) XP/Vista/7Processor: 1.8 Ghz ProcessorMemory: 1GB Ram Hard Drive: 380MB Free space,4.32,PC
Goodbye Deponia,Minimum:OS: Windows Vista/7/8Processor: 2.5 GHz Single Core Processor or 2 GHz Dual Core ProcessorMemory: 2 GB RAMGraphics: OpenGL 2.0 compatible with 256 MB RAM (Shared Memory is not recommended)Storage: 3 GB available spaceAdditional Notes: Mouse,4.16,PC
Goodbye Deponia,Minimum:OS: Windows Vista/7/8Processor: 2.5 GHz Single Core Processor or 2 GHz Dual Core ProcessorMemory: 2 GB RAMGraphics: OpenGL 2.0 compatible with 256 MB RAM (Shared Memory is not recommended)Storage: 3 GB available spaceAdditional Notes: Mouse,4.16,PC
Contrast,Minimum:OS: WINDOWS XP SP2/WINDOWS VISTA SP1/WINDOWS 7/WINDOWS 8Processor: AMD/INTEL DUAL-CORE 2.3 GHzMemory: 2 GB RAMGraphics: 512MB VRAM COMPATIBLE DIRECTX 9.0C AND SHADER MODEL 3.0 AMD RADEON X2600 XT/NVIDIA GEFORCE 7900 GTXDirectX: Version 9.0cStorage: 4 GB available spaceSound Card: DIRECTX 9 COMPATIBLEAdditional Notes: The Original Soundtrack and the Programme (Artwork Dev. Diary) will be placed in your CONTRAST folder in the Steam Directory: ...\Steam\SteamApps\common\Contrast\CONTRAST_Programme-OST,4.1,PC
Wildlife Park 3,Minimum:OS: 10/8/7/VISTA/2000/XPProcessor: 3 GHz Intel Pentium(r) D AMD Athlon(tm)64 3000+Memory: 1 GB RAMGraphics: NVIDIA GeForce 8600 GT ATI Radeon X1800 or better (min. 256 MB Video- RAM DirectX(r)9c Shadermodel 2.0)DirectX: Version 9.0c,4.0,PC
Split/Second,Minimum:OS: Microsoft Windows 7 / Vista SP2 / XP SP3Processor: 3.0 GHz Intel Pentium D processor (Windows 7 / Vista) / 2.6 GHz Intel Pentium D processor (Windows XP) or 2.0 GHz AMD Athlon 64 X2 or equivalent processorMemory: 2560 MB RAMGraphics: 256 MB DirectX 9.0c-compatible 3D video card supporting Shaders 3.0 (NVIDIA GeForce 7600 or better ATI Radeon X1600 or better)DirectX: Version 9.0cStorage: 6656 MB available spaceSound Card: 16-bit DirectX 9.0c-compatible sound cardAdditional Notes: Onboard (built-in) integrated chipsets are not supported,3.95,PC
Grand Theft Auto III,Minimum:OS: Microsoft(r) Windows(r) 2000/XPProcessor: Pentium III(r) 450 MHz CPUMemory: 96 MB RAMGraphics: 16 MB Direct 3D Video CardDirectX Version: Microsoft DirectX(r) 8.1Hard Drive: 500 MB uncompressed free hard disk spaceSound Card:Fully DirectX compatible Sound CardRecommended:Processor: 700 MHz CPUMemory: 128 MB RAMGraphics: 32 MB Direct3D Video Card,3.66,PC
The Longest Journey,Minimum: Windows 2000/XP Pentium 166 MMX  32 MB RAM Mouse and Keyboard 640x480 SVGA high colour (16bit) video card with 2 MB RAM Windows compatible sound device 300 MB free hard drive spaceRecommended: Pentium II 266 mhz 64 MB RAM  3d accelarator card ( Direct 3d compatible ) with 4 MB RAM 1GB free hard drive space,3.56,PC
Railroad Tycoon 3,Minimum: Windows 2000/XP (only) 400 mhz 128 MB RAM 1.2 GB Free Disk Space 16 MB 3D Video Card mouse and keyboard DirectX compatible sound card with speakers/headphones recommended.,3.52,PC
Botanicula,OS:Microsoft(r) Windows(r) XP/Vista/7Processor:1.6 Ghz ProcessorMemory:1 GB RAMDirectX(r):5.0Hard Drive:700 MB HD space,3.08,PC
Braid,Operating System: Microsoft(r) Windows(r) XP / Vista / 7                  Processor: 1.4GHz or faster                    Memory: 768 MB or more                    Hard Disk Space: 200 MB or more                    Video Card: Pixel Shader 2.0                    DirectX(r) Version: DirectX(r) 9.0c                    Controller Support: Microsoft Xbox 360 Controller for Windows,2.89,PC
Sengoku,OS: Windows XP Vista 7Processor:  Intel(r) Pentium(r) IV 2.4 GHz or AMD 3500+Memory: 2 Gb RAMHard Disk Space: 2 GB Available HDD SpaceVideo Card: NVIDIA(r) GeForce 8800 or ATI Radeon(r) X1900DirectX(r): 9.0cSound: Direct X-compatible sound card,2.86,PC
Syberia,OS: Windows XP/Vista/7 Processor: 1GHz CPU Memory: 512MBHard Disk Space: 1.2GBVideo Card: DirectX compatible graphics card with 128 MB memoryDirectX(r): 9.0cSound: Sound card with DirectX 9.0c support,2.66,PC
Oil Rush,Minimum:OS: XP                Processor: 2 GHz                Memory: 1 GB RAM                Graphics: NVIDIA 9600 256 MB or Intel HD 4000                Hard Drive: 3 GB HD space,2.38,PC
World of Goo,Minimum:Supported OS: Windows(r) XP or VistaProcessor: 1GHz or fasterMemory: 512+MB RAMVideo: Any 3D graphics accelerator less than 5 years oldDirectX(r) Version: 9.0c                    Hard Drive: 100MB,2.25,PC
Jack Keane,Minimum:OS: Microsoft Windows XP Windows VistaProcessor: Pentium IV 2 GHz / Athlon 2.4 GHzMemory: 512 MB RAM Graphics: DirectX 9.0c-compatible graphic card with 128 MB RAM (MX series and XGI Volari are not supported)Hard Drive: 1.5 GB hard-disk capacity Input Devices:  DirectX 9.0c-compatible keyboard and mouse,2.2,PC
Post Mortem,Operating system:Windows(r) XP / Vista(tm) / Windows(r) 7 Processor:1.0 GHz CPUMemory:512 GB Hard disk space:1GB Video:Video Card with 64MB dedicated memory Sound:Sound card with DirectX 9.0c supportDirectX(r):9.0c,2.1,PC
Sacred Gold,Minimum: Supported OS: Windows 2000/XP Processor: Intel Pentium(r) III 800 MHzMemory: 256 MB RAMGraphics: 16 MB DirectX 8 compatible graphics cardDirectX: DirectX(r) 9.0cSound: DirectX compatible sound cardHard Drive: 2 GB HD Space,1.93,PC
Hospital Tycoon,Minimum:                     Supported OS: Windows XP                    Processor: Pentium 4 @ 1.6 GHz or Athlon 1600+                    System Memory: 512MB RAM                    Video Card: GeForce 3 / Radeon 8500*                    Sound Card: DirectX Compatible Sound Card                    DirectX Version: DirectX 9.0c                    Hard Disk: 750 MB Hard Drive Space                    *Supported Graphics Cards:                    ATi Radeon 8500 9000 9100 9200 9500 9600 9700 9800 X300 X600 X700 X800 X1300 X1600 X1800 X1900 X1950                    nVidia Geforce 3-series 4-series (Not MX) FX5200 FX5600 FX5700 FX5950 6600 6800 7100 7300 7600 7800 7900 7950 8800.                     Not compatible with all integrated sound/graphics solutions (inc. Laptops).,1.56,PC
Tomb Raider II,Minimum:OS:Windows XP / Windows Vista / Windows 7Processor:1.8 GHz ProcessorMemory:512 MB RAMGraphics:3D graphics card compatible with DirectX 9DirectX(r):9.0Hard Drive:2 GB HD space,1.5,PC
Euro Truck Simulator,Minimum:OS: Windows XPProcessor: 2.4 GHzMemory: 1 GB RAMGraphics: 256 MBDirectX(r): 9.0cHard Drive: 2 GB HD spaceSound: Any DirectX compatibleAdditional: Gamepad or steering wheel recommended,1.44,PC
The Next BIG Thing,OS: Microsoft Windows XP SP2 Vista SP1 or 7 Processor: Intel/AMD 2.0GHZ equivalent or higherMemory: 1GB (XP)/2GB (Vista/7)Hard Disk Space: 8GBVideo Card: : 256 MB 100% DirectX 9 compatible ATI Radeon X800/Intel GMA 3000/Nvidia GeForce 6800 or Higher*DirectX(r): 9.0Sound: DirectX 9 compatibleAdditional: INTERNET CONNECTION REQUIRED FOR GAME ACTIVATION. *SIS AND VIA/S3G Graphics Controllers Not Supported,1.35,PC
The Inner World,Minimum:OS: Microsoft(r) Windows(r) XP Windows Server 2008 Windows Vista(r) Home Premium Business Ultimate or Enterprise (including 64 bit editions) with Service Pack 2 Windows 7 or Windows 8 ClassicProcessor: 2.33GHz or faster x86-compatible processor or Intel Atom(tm) 1.6GHz or faster processor for netbook class devicesMemory: 2 GB RAMStorage: 1400 MB available space,1.3,PC
World of Zoo,OS: Microsoft Windows XP/VistaProcessor: Intel Pentium IV processor running at 2 GHz AMD 64 Core 2 duo 1.6Ghz  or equivalent Memory: 512 MB RAM (1 GB RAM on Vista)Graphics: Nvidia GeForce 6600 GT or ATI Radeon x1600 with at least 64MB of memory (video cards with Pixel Shader version 1.1 or better are required)Display: DirectX-compatible display capable of 800x600 resolution in 16-bit colorDirectX(r): DirectX 9.0c and aboveHard Drive: 2GB of hard drive spaceSound: Sound: 16-bit Sound Blaster Compatible,1.2,PC
Legendary,Minimum:                    OS: Windows XP SP2 or Windows Vista                     Processor: 2.0+ GHZ Single Core Processor                     Memory: 512MB of System RAM                     Graphics: Nvidia 6200+ or ATI Radeon 9600+ Video Card                     Hard Drive: 10GB of Free Hard Drive Space,1.0,PC
Trapped Dead,OS: Windows(r) XP/Vista/7Processor: 2.0GHz CPU Memory: 1GBHard Disk Space: 2GB Video Card: Graphics card supporting shader 3.0 (onboard chipsets are not supported)DirectX(r): 9.0cSound: Sound card with DirectX 9.0c support,1.0,PC
Bejeweled 2 Deluxe,Minimum Requirements: Windows 98/ME/2000/XP 128 MB RAM 500MHz or faster DirectX: 7.0,0.8,PC
15 Days,Minimum:OS: Windows XP / Vista / 7 / 8 32 or 64 bitProcessor: 16 GHz Intel or AMDMemory: 1 GB RAMGraphics: DirectX 9 compliant video card Shader Model 2 and 128 MB VRAMDirectX: Version 9.0cStorage: 4 GB available spaceSound Card: DirectX compatible card,0.5,PC
Alone in the Dark,Minimum:OS: Windows(r) XP/Vista 32 64 bitProcessor: Intel Pentium(r) D 2.6 GHz AMD Athlon(tm) X2 3800+Memory: 1 GB RAMGraphics: NVIDIA GeForce 7600 ATI Radeon X1650 XTDirectX: Version 9.0cNetwork: Broadband Internet connectionStorage: 9 GB available spaceAdditional Notes: An internet connection is needed at install first launch and to revoke license.,0.4,PC
The 7th Guest,Minimum:OS: Windows XP / Vista / 7Processor: 1.8 GHz ProcessorMemory: 512 MB RAMGraphics: 3D graphics cardDirectX: Version 9.0cStorage: 2 GB available space,0.25,PC
Praetorians,Minimum:OS: Windows XPProcessor: 1 GHz ProcessorMemory: 256 MB RAMGraphics: 3D graphics card compatible with DirectX 7DirectX: Version 7.0Storage: 500 MB available spaceSound Card: DirectX 9 compatible sound,0.15,PC
