Name,Platform
[Prototype 2],PC
007: Quantum of Solace,PC
15 Days,PC
1701 A.D.,PC
18 Wheels of Steel: Extreme Trucker,PC
18 Wheels of Steel: Extreme Trucker 2,PC
4 Elements,PC
4 Play Collection - Dark Mysteries,PC
7 Roses: A Darkness Rises,PC
A Game of Thrones: Genesis,PC
A New Beginning,PC
A Vampyre Story,PC
Achtung Panzer: Kharkov 1943,PC
Act of Aggression,PC
Agatha Christie: Death on the Nile,PC
Agatha Christie: Peril at End House,PC
Agatha Christie: The ABC Murders,PC
Age of Conan: Rise of the Godslayer,PC
Age of Empires II: The Age of Kings,PC
Age of Empires III,PC
Age of Empires III: Complete Collection,PC
Age of Empires III: Gold Edition,PC
Age of Empires III: The Asian Dynasties,PC
Age of Empires Online,PC
Age of Empires: Collector's Edition,PC
Age of Mythology,PC
Age of Mythology: The Titans,PC
Air Conflicts: Secret Wars,PC
Airline Tycoon,PC
Airline Tycoon 2,PC
Airport Simulator,PC
Alan Wake,PC
Alice: Madness Returns,PC
Alien: Isolation,PC
Aliens vs Predator,PC
Aliens: Colonial Marines,PC
All Points Bulletin,PC
Alone in the Dark,PC
Alpha Protocol,PC
Alter Ego,PC
Angry Birds,PC
Angry Birds: Rio,PC
Anno 2070,PC
Anno 2205,PC
Apache: Air Assault,PC
APB Reloaded,PC
Arcania: Gothic 4,PC
ArmA II,PC
ArmA III,PC
Assassin's Creed,PC
Assassin's Creed II,PC
Assassin's Creed III,PC
Assassin's Creed IV: Black Flag,PC
Assassin's Creed Syndicate,PC
Assassin's Creed: Brotherhood,PC
Assassin's Creed: Revelations,PC
Assassin's Creed: Rogue,PC
Assassin's Creed: Unity,PC
Atlantic Quest,PC
Avatar: The Game,PC
Batman: Arkham Asylum,PC
Batman: Arkham City,PC
Batman: Arkham Knight,PC
Batman: Arkham Origins,PC
Battle vs. Chess,PC
Battle Worlds: Kronos,PC
Battleborn,PC
Battlefield 1,PC
Battlefield 1942,PC
Battlefield 1942: The WW II Anthology,PC
Battlefield 2,PC
Battlefield 2142,PC
Battlefield 3,PC
Battlefield 4,PC
Battlefield Vietnam,PC
Battlefield: Bad Company 2,PC
Battlefield: Hardline,PC
BattleForge,PC
Battlestations: Midway,PC
Battlestations: Pacific,PC
Bejeweled 2 Deluxe,PC
Bejeweled 3,PC
Bejeweled Blitz,PC
Bejeweled Twist,PC
BioShock,PC
BioShock 2,PC
BioShock Infinite,PC
Black & White,PC
Black & White 2,PC
Black Mirror 2,PC
BlazBlue: Calamity Trigger,PC
Blazing Angels: Squadrons of WWII,PC
Blitzkrieg 2 Anthology,PC
Blood Bowl,PC
Blood Bowl: Legendary Edition,PC
Blur,PC
Bookworm Deluxe,PC
Borderlands,PC
Borderlands 2,PC
Borderlands: The Pre-Sequel,PC
Botanicula,PC
Braid,PC
Brain Exercise With Dr. Kawashima,PC
Breach,PC
Brink,PC
Brothers in Arms: Hell's Highway,PC
Bulletstorm,PC
Bully: Scholarship Edition,PC
Burnout Paradise: The Ultimate Box,PC
Bus Simulator 16,PC
Caesar III,PC
Caesar IV,PC
Call of Duty 2,PC
Call of Duty 4: Modern Warfare,PC
Call of Duty: Advanced Warfare,PC
Call of Duty: Black Ops,PC
Call of Duty: Black Ops 3,PC
Call of Duty: Black Ops II,PC
Call of Duty: Ghosts,PC
Call of Duty: Infinite Warfare,PC
Call of Duty: Modern Warfare 2,PC
Call of Duty: Modern Warfare 3,PC
Call of Duty: World at War,PC
Call of Juarez,PC
Call of Juarez: Bound in Blood,PC
Call of Juarez: The Cartel,PC
Captain Morgane and the Golden Turtle,PC
Casino Chaos With Las Vegas Players Collection,PC
Castlevania: Lords of Shadow 2,PC
Ceville,PC
Championship Manager 03/04,PC
Championship Manager 2010,PC
Championship Manager 3,PC
Championship Manager 99/00,PC
Championship Manager Season 01/02,PC
Cities in Motion,PC
Cities in Motion Collection,PC
Cities XL 2011,PC
Cities XL 2012,PC
Cities: Skylines,PC
Cities: Skylines Snowfall,PC
City Life: World Edition,PC
Civilization Beyond Earth: Rising Tide,PC
Clive Barker's Jericho,PC
Clockwork Empires,PC
Codename: Panzers Cold War,PC
Codename: Panzers Complete Collection,PC
Codename: Panzers Phase Two,PC
Colin McRae Rally 04,PC
Colin McRae Rally 2005,PC
Combat Flight Simulator 3: Battle for Europe,PC
Combat Mission: Shock Force,PC
Command & Conquer 3: Deluxe Edition,PC
Command & Conquer 3: Kane's Wrath,PC
Command & Conquer 3: Tiberium Wars,PC
Command & Conquer 4: Tiberian Twilight,PC
Command & Conquer Collection,PC
Command & Conquer Renegade,PC
Command & Conquer: Red Alert,PC
Command & Conquer: Red Alert 2,PC
Command & Conquer: Red Alert 3,PC
Command & Conquer: The First Decade,PC
Command & Conquer: Tiberian Sun,PC
Commander: Conquest of the Americas,PC
Commandos 3: Destination Berlin,PC
Company of Heroes,PC
Company of Heroes 2,PC
Company of Heroes: Anthology,PC
Company of Heroes: Opposing Fronts,PC
Company of Heroes: Tales of Valor,PC
Conflict: Denied Ops,PC
Contrast,PC
Coronation Street: The Mystery of the Missing Hotpot Recipe,PC
Cossacks: European Wars,PC
Counter-Strike: Source,PC
Create,PC
Crysis,PC
Crysis 2,PC
Crysis 3,PC
Crysis: Maximum Edition,PC
Crysis: Warhead,PC
CSI: Fatal Conspiracy,PC
Dark Parables: The Exiled Prince,PC
Dark Souls,PC
Dark Souls II,PC
Dark Souls III,PC
Dark Tales: Edgar Allan Poe's The Premature Burial,PC
Dark Void,PC
Darksiders,PC
Darksiders II,PC
Darkspore,PC
DarkStar One,PC
Dawn of Discovery,PC
DC Universe Online,PC
Dead Island,PC
Dead Island: Riptide,PC
Dead Rising 2,PC
Dead Rising 2: Off the Record,PC
Dead Space,PC
Dead Space 2,PC
Dead Space 3,PC
Deal or No Deal,PC
Defiance,PC
Demigod,PC
Demolition Company: Gold Edition,PC
Deponia,PC
Deus Ex,PC
Deus Ex: Human Revolution,PC
Deus Ex: Mankind Divided,PC
Devil May Cry 4,PC
Diablo,PC
Diablo II,PC
Diablo II: Lord of Destruction,PC
Diablo III,PC
Digger Simulator,PC
DiRT,PC
DiRT 2,PC
DiRT 3,PC
DiRT Rally,PC
Disciples III: Renaissance,PC
Dishonored,PC
Dishonored 2,PC
Divinity II: Ego Draconis,PC
Divinity II: Flames of Vengeance,PC
Divinity: Original Sin,PC
Doom,PC
Doom (2016),PC
Doom 3,PC
Doom 3 BFG Edition,PC
Doom II: Hell on Earth,PC
Dragon Age II,PC
Dragon Age Origins: Awakening,PC
Dragon Age: Inquisition,PC
Dragon Age: Origins,PC
Dragon Age: Origins - Ultimate Edition,PC
Drakensang: The Dark Eye,PC
Driver: San Francisco,PC
Driving Simulator 2011,PC
DuckTales: Remastered,PC
Duke Nukem Forever,PC
Dungeon Defenders,PC
Dungeon Keeper 2,PC
Dungeon Siege II,PC
Dungeon Siege III,PC
Dungeons,PC
Dungeons - The Dark Lord,PC
Dungeons & Dragons: Neverwinter Nights - Complete,PC
Dying Light,PC
East India Company,PC
East India Company Collection,PC
Edna & Harvey: Harvey's New Eyes,PC
Elven Legacy,PC
Elven Legacy Collection,PC
Emergency 2012,PC
Empire Deluxe,PC
Empire Earth,PC
Empire Earth II,PC
Empire Earth III,PC
Empire: Total War,PC
End of Nations,PC
Enemy Territory: Quake Wars,PC
Escape the Emerald Star,PC
Euro Truck Simulator,PC
Euro Truck Simulator 2,PC
Europa Universalis III Complete,PC
EVE Online,PC
EverQuest II: Destiny of Velious,PC
Evil Genius,PC
Evolve,PC
F.E.A.R. 2: Project Origin,PC
F.E.A.R. 3,PC
F.E.A.R. Perseus Mandate,PC
F1 2010,PC
F1 2011,PC
F1 2012,PC
F1 2014,PC
F1 2015,PC
F1 2016 (Codemasters),PC
F1 Race Stars,PC
Fable III,PC
Fable: The Lost Chapters,PC
Falcon 4.0: Allied Force,PC
Fallout 3,PC
Fallout 4,PC
Fallout Anthology,PC
Fallout Trilogy,PC
Fallout: New Vegas,PC
Far Cry,PC
Far Cry 2,PC
Far Cry 3,PC
Far Cry 4,PC
Far Cry: Primal,PC
Farm Frenzy,PC
Farm Frenzy 3,PC
Farming Simulator 15 Expansion Pack,PC
Farming Simulator 17,PC
Farming Simulator 2011,PC
Farming Simulator 2013,PC
Farming Simulator 2015,PC
Fernbus Simulator,PC
FIFA 12,PC
FIFA 14,PC
FIFA 15,PC
FIFA 16,PC
FIFA 17,PC
FIFA Manager 12,PC
FIFA Soccer 08,PC
FIFA Soccer 09,PC
FIFA Soccer 10,PC
FIFA Soccer 11,PC
FIFA Soccer 13,PC
Final Fantasy XIV: A Realm Reborn,PC
Final Fantasy XIV: Heavensward,PC
Fishdom 2 Deluxe,PC
FlatOut: Ultimate Carnage,PC
Football Manager 2005,PC
Football Manager 2010,PC
Football Manager 2011,PC
Football Manager 2012,PC
Football Manager 2013,PC
Football Manager 2014,PC
Football Manager 2015,PC
Football Manager 2016,PC
Football Manager 2017,PC
Football Manager Live,PC
Freelancer,PC
Front Mission Evolved,PC
Frontlines: Fuel of War,PC
Fuel,PC
Game of Thrones,PC
Gears of War,PC
Ghost Pirates of Vooju Island,PC
Ghostbusters: The Video Game (DS Version),PC
Gobliiins 4,PC
Goodbye Deponia,PC
Gothic 3,PC
Gothic Universe,PC
Grand Ages: Medieval,PC
Grand Prix Legends,PC
Grand Theft Auto III,PC
Grand Theft Auto IV,PC
Grand Theft Auto V,PC
Grand Theft Auto: San Andreas,PC
Grand Theft Auto: Vice City,PC
Gray Matter,PC
Grey's Anatomy: The Video Game,PC
GRID,PC
GRID 2,PC
GRID Autosport,PC
GT Legends,PC
GTR Evolution,PC
Guild Wars,PC
Guild Wars 2,PC
Guild Wars Trilogy,PC
Guild Wars: Factions,PC
Guild Wars: Nightfall,PC
Guitar Hero III: Legends of Rock,PC
Guitar Hero: World Tour,PC
Half-Life,PC
Half-Life 2,PC
Hallowed Legends: Samhain,PC
Halo 2,PC
Halo: Combat Evolved,PC
Harry Potter and the Chamber of Secrets,PC
Harry Potter and the Deathly Hallows - Part 1,PC
Harry Potter and the Deathly Hallows - Part 2,PC
Harry Potter and the Half-Blood Prince,PC
Harry Potter and the Order of the Phoenix,PC
Harry Potter and the Prisoner of Azkaban,PC
Harry Potter and the Sorcerer's Stone,PC
Hearts of Iron III,PC
Hearts of Iron IV,PC
Heavy Fire: Afghanistan,PC
Hellgate: London,PC
Hello Kitty: Roller Rescue,PC
Heroes of Might and Magic V,PC
Heroes of the Pacific,PC
Hitman: Absolution,PC
Hitman: Blood Money,PC
Homefront,PC
Homefront: The Revolution,PC
Homeworld,PC
Homeworld 2,PC
Homeworld Remastered Collection,PC
Hospital Tycoon,PC
Hotel Giant 2,PC
Hunted: The Demon's Forge,PC
Ice Age: Dawn of the Dinosaurs,PC
Icewind Dale II,PC
IGT Slots: Lucky Larry's Lobstermania,PC
IL-2 Sturmovik,PC
IL-2 Sturmovik: 1946,PC
IL-2 Sturmovik: Cliffs of Dover,PC
IL-2 Sturmovik: Forgotten Battles,PC
Imperial Glory,PC
Imperium Romanum,PC
Impossible Creatures,PC
Indigo Prophecy,PC
Inversion,PC
Jack Keane,PC
James Bond 007: Blood Stone,PC
JASF: Jane's Advanced Strike Fighters,PC
Jewel Master: Cradle Of Rome 2,PC
Jewel Quest 5: The Sleepless Star,PC
Jewel Quest II,PC
Joint Operations: Combined Arms,PC
Jonah Lomu Rugby Challenge,PC
Juiced 2: Hot Import Nights,PC
Jurassic Park: Operation Genesis,PC
Just Cause,PC
Just Cause 2,PC
Just Cause 3,PC
Kane & Lynch 2: Dog Days,PC
King Arthur II,PC
Kingdoms of Amalur: Reckoning,PC
King's Bounty: Armored Princess,PC
Knights of Honor,PC
Kung Fu Panda,PC
L.A. Noire: The Complete Edition,PC
Lara Croft and the Temple of Osiris,PC
Left 4 Dead,PC
Left 4 Dead 2,PC
Legacy of Kain: Defiance,PC
Legend: Hand of God,PC
Legendary,PC
Lego Batman 3: Beyond Gotham,PC
LEGO Batman: The Videogame,PC
LEGO Harry Potter: Years 1-4,PC
LEGO Harry Potter: Years 5-7,PC
LEGO Indiana Jones 2: The Adventure Continues,PC
LEGO Indiana Jones: The Original Adventures,PC
LEGO Jurassic World,PC
LEGO Marvel Super Heroes,PC
LEGO Pirates of the Caribbean: The Video Game,PC
LEGO Star Wars II: The Original Trilogy,PC
LEGO Star Wars III: The Clone Wars,PC
LEGO Star Wars: The Video Game,PC
LEGO The Hobbit,PC
LEGO The Lord of the Rings,PC
Legoland,PC
Life is Strange,PC
Littlest Pet Shop,PC
Living Legends: Frozen Beauty,PC
Lock On: Modern Air Combat,PC
Lords of the Fallen,PC
Lost Horizon,PC
Lost Planet 2,PC
Lost Planet 3,PC
Lost: Via Domus,PC
Machinarium,PC
Madagascar: Escape 2 Africa,PC
Mafia,PC
Mafia II,PC
Mafia III,PC
Magicka,PC
Magicka Collection,PC
Majesty 2 Collection,PC
Majesty 2: The Fantasy Kingdom Sim,PC
Major League Baseball 2K11,PC
Major League Baseball 2K12,PC
Marvel: Ultimate Alliance,PC
Mass Effect,PC
Mass Effect 2,PC
Mass Effect 3,PC
Mass Effect Trilogy,PC
Mata Hari: Betrayal is only a Kiss Away,PC
Max Payne,PC
Max Payne 2: The Fall of Max Payne,PC
Max Payne 3,PC
Maximum Capacity: Hotel Giant,PC
Medal of Honor,PC
Medal of Honor: Airborne,PC
Medal of Honor: Warfighter,PC
Medieval II: Total War,PC
Medieval II: Total War Gold Edition,PC
Men of War,PC
Men of War: Assault Squad,PC
Men of War: Vietnam,PC
Metal Gear Solid V: Ground Zeroes,PC
Metal Gear Solid V: The Phantom Pain,PC
Metro 2033,PC
Metro: Last Light,PC
Microsoft Flight Simulator,PC
Microsoft Flight Simulator 2004: A Century of Flight,PC
Microsoft Flight Simulator X,PC
Microsoft Flight Simulator X Acceleration Expansion Pack,PC
Microsoft Train Simulator,PC
Middle-Earth: Shadow of Mordor,PC
Midnight Mysteries: The Edgar Allan Poe Conspiracy,PC
Might & Magic Heroes VI,PC
Might & Magic Heroes VII,PC
Might & Magic X: Legacy,PC
Minds and Mystery: 5 Game Pack,PC
Minecraft: Story Mode,PC
Mini Ninjas,PC
Mirror's Edge,PC
Mirror's Edge Catalyst,PC
Monkey Island: Special Edition Collection,PC
Monopoly,PC
Monster Jam,PC
Monsters vs. Aliens,PC
Mortal Kombat,PC
Mortal Kombat X,PC
Mount & Blade,PC
Mount & Blade Collection,PC
Mount & Blade: Warband,PC
"Murder, She Wrote",PC
Murdered: Soul Suspect,PC
MXGP 2,PC
MySims,PC
Myst,PC
Mystery Case Files: Ravenhearst,PC
Mystery Legends: Beauty and the Beast,PC
Mystery Trackers: The Void,PC
Nancy Drew: Alibi In Ashes,PC
Napoleon: Total War,PC
NBA 2K11,PC
NBA 2K12,PC
NBA 2K13,PC
NBA 2K16,PC
NBA 2K17,PC
NCIS,PC
Need for Speed (2015),PC
Need for Speed Carbon,PC
Need for Speed Rivals,PC
Need for Speed Underground,PC
Need for Speed Underground 2,PC
Need for Speed: Hot Pursuit,PC
Need for Speed: Most Wanted,PC
Need for Speed: Most Wanted,PC
Need for Speed: ProStreet,PC
Need for Speed: Shift,PC
Need for Speed: Shift 2 Unleashed,PC
Need for Speed: The Run,PC
Need For Speed: Undercover,PC
Neverwinter Nights,PC
Neverwinter Nights 2,PC
Neverwinter Nights 2: Mask of the Betrayer,PC
Neverwinter Nights Diamond,PC
NHL 09,PC
Off-Road Drive,PC
Oil Rush,PC
Operation Flashpoint: Dragon Rising,PC
Operation Flashpoint: Red River,PC
Order of War,PC
Overlord,PC
Overlord II,PC
Overwatch,PC
Painkiller,PC
Paranormal Pursuit: The Gifted One,PC
ParaWorld,PC
Patrician IV,PC
Payday 2,PC
Peggle Nights,PC
Pharaoh,PC
Pillars of Eternity,PC
Pirates of the Burning Sea,PC
Planescape: Torment,PC
Plants vs. Zombies,PC
Plants vs. Zombies: Garden Warfare,PC
Plants vs. Zombies: Garden Warfare 2,PC
Poker for Dummies,PC
Pony Friends 2,PC
Port Royale 2,PC
Portal 2,PC
Post Mortem,PC
Praetorians,PC
Prey,PC
Prince of Persia (2008),PC
Prince of Persia: The Forgotten Sands,PC
Pro Cycling Manager 2016,PC
Pro Evolution Soccer 2010,PC
pro evolution soccer 2011,PC
Pro Evolution Soccer 2012,PC
Pro Evolution Soccer 2013,PC
Pro Evolution Soccer 2014,PC
Pro Evolution Soccer 2015,PC
Pro Evolution Soccer 2016,PC
Pro Evolution Soccer 2017,PC
Pro Farm 1,PC
Project CARS,PC
Puppet Show 3: Lost Town,PC
Quake 4,PC
Quantum Break,PC
R.U.S.E.,PC
RACE On,PC
Rage,PC
Rail Simulator,PC
Railroad Tycoon 3,PC
Ratatouille,PC
Raven Squad: Operation Hidden Dagger,PC
Rayman 3: Hoodlum Havoc,PC
Rayman Origins,PC
Rayman Raving Rabbids,PC
Red Faction: Armageddon,PC
Red Faction: Guerrilla,PC
Red Orchestra 2: Heroes of Stalingrad,PC
Remember Me,PC
Resident Evil 4,PC
Resident Evil 5,PC
Resident Evil 6,PC
Resident Evil Zero,PC
Resident Evil: Operation Raccoon City,PC
Resident Evil: Revelations,PC
Revolution: 25th Anniversary Collection,PC
Richard Burns Rally,PC
Ride,PC
Ride 2,PC
Ridge Racer Unbounded,PC
RIFT,PC
Rise of Flight: Iron Cross Edition,PC
Rise of Nations,PC
Rise of Nations: Rise of Legends,PC
Rise of the Tomb Raider,PC
Risen,PC
Risen 2: Dark Waters,PC
Risen 3: Titan Lords,PC
Riven: The Sequel to Myst,PC
Rocket League,PC
Rocksmith,PC
Rocksmith 2014,PC
RollerCoaster Tycoon,PC
RollerCoaster Tycoon 2,PC
RollerCoaster Tycoon 2: Triple Thrill Pack,PC
RollerCoaster Tycoon 3,PC
RollerCoaster Tycoon 3: Platinum,PC
RollerCoaster Tycoon World,PC
RollerCoaster Tycoon: Gold Edition,PC
Rome: Total War,PC
Rome: Total War - Gold Edition,PC
Royal Palace of White Sword and The City of Gentiles,PC
Rugby League Team Manager 2015,PC
Rugby World Cup 2015,PC
Runaway: A Twist of Fate,PC
S.T.A.L.K.E.R.: Call of Pripyat,PC
S.T.A.L.K.E.R.: Clear Sky,PC
S.T.A.L.K.E.R.: Shadow of Chernobyl,PC
Sacra Terra: Angelic Night,PC
Sacred 2: Fallen Angel,PC
Sacred 3,PC
Sacred Gold,PC
Saints Row 2,PC
Saints Row IV,PC
Saints Row: The Third,PC
SAW,PC
SBK 2011: FIM Superbike World Championship,PC
Scarface: The World is Yours,PC
Schlag den Raab,PC
Secret Files 2: Puritas Cordis,PC
Secret Files: Tunguska,PC
Section 8,PC
Sega Rally Revo,PC
Sengoku,PC
Serious Sam 3: BFE,PC
Serious Sam HD: Gold Edition,PC
Serious Sam II,PC
Sesame Street: Cookie's Counting Carnival,PC
Sesame Street: Elmo's A-to-Zoo Adventure,PC
Shaun White Skateboarding,PC
Sherlock Holmes: Crimes & Punishments,PC
Sherlock Holmes: The Devil's Daughter,PC
Ship Simulator 2008,PC
Ship Simulator Extremes,PC
Shutter Island,PC
Sid Meier's Civilization IV,PC
Sid Meier's Civilization V,PC
Sid Meier's Civilization VI,PC
Sid Meier's Civilization: Beyond Earth,PC
Sid Meier's Railroads!,PC
Silent Hunter 5: Battle of the Atlantic,PC
Silent Hunter III,PC
Silent Hunter: Wolves of the Pacific,PC
Sim Theme Park,PC
SimCity,PC
SimCity (2013),PC
SimCity 2000,PC
SimCity 4,PC
SimCity 4: Deluxe Edition,PC
SimCity Societies,PC
Singularity,PC
Sins of a Solar Empire,PC
Sins of a Solar Empire: Trinity,PC
Ski Region Simulator,PC
Skylanders: Spyro's Adventure,PC
Sleeping Dogs,PC
Sniper Elite,PC
Sniper: Art of Victory,PC
Sniper: Ghost Warrior,PC
Sniper: Ghost Warrior 2,PC
So Blonde,PC
Song of the Deep,PC
Sonic & All-Stars Racing Transformed,PC
Sonic Generations,PC
Sonic PC Collection,PC
South Park: The Stick of Truth,PC
Spec Ops: The Line,PC
Spider-Man 3,PC
Spider-Man: Friend or Foe,PC
Spider-Man: Web of Shadows,PC
Spirits and Demons: 5 Game Pack,PC
Split/Second,PC
Spore,PC
Star Trek Online,PC
Star Trek: Legacy,PC
Star Trek: The Game,PC
Star Wars Battlefront (2015),PC
Star Wars Jedi Knight: Jedi Academy,PC
Star Wars Knights of the Old Republic II: The Sith Lords,PC
Star Wars The Clone Wars: Republic Heroes,PC
Star Wars: Battlefront,PC
Star Wars: Battlefront II,PC
Star Wars: Dark Forces,PC
Star Wars: Empire at War,PC
Star Wars: Empire at War - Forces of Corruption,PC
Star Wars: Empire at War - Gold Pack,PC
Star Wars: Knights of the Old Republic,PC
Star Wars: Republic Commando,PC
Star Wars: The Force Unleashed II,PC
Star Wars: The Old Republic,PC
StarCraft,PC
StarCraft II: Heart of the Swarm,PC
StarCraft II: Legacy of the Void,PC
StarCraft II: Wings of Liberty,PC
Starship Troopers,PC
Stellaris,PC
Still Life 2,PC
STORM: Frontline Nation,PC
Stormrise,PC
Street Fighter IV,PC
Street Fighter V,PC
Street Fighter X Tekken,PC
Stronghold,PC
Stronghold 2 Deluxe,PC
Stronghold 3,PC
Stronghold Crusader Extreme,PC
Stronghold Kingdoms,PC
Stronghold Legends,PC
Summer Athletics,PC
Super Meat Boy: Ultra Edition!,PC
Supreme Commander,PC
Supreme Commander 2,PC
Supreme Commander: Forged Alliance,PC
Supreme Ruler: Cold War,PC
SWAT 4,PC
Syberia,PC
Syberia II,PC
Syndicate,PC
Take On Helicopters,PC
Tale of a Hero,PC
TERA,PC
Terraria,PC
Test Drive Unlimited,PC
Test Drive Unlimited 2,PC
The 7th Guest,PC
The Amazing Spider-Man 2 (2014),PC
The Binding of Isaac,PC
The Book of Unwritten Tales,PC
The Book of Unwritten Tales: The Critter Chronicles,PC
The Bureau: XCOM Declassified,PC
The Chronicles of Riddick: Assault on Dark Athena,PC
The Crew,PC
The Crew: Wild Run,PC
The Cursed Crusade,PC
The Dark Hills of Cherai,PC
The Darkness II,PC
The Elder Scrolls IV: Oblivion,PC
The Elder Scrolls Online,PC
The Elder Scrolls V: Skyrim,PC
The Evil Within,PC
The First Templar,PC
The Great Mystery Hidden Object Package 5,PC
The Haunted: Hell's Reach,PC
The Incredibles: Rise of the Underminer,PC
The Inner World,PC
The Last Remnant,PC
The LEGO Movie Videogame,PC
The Longest Journey,PC
The Lord of the Rings Online: Mines of Moria,PC
The Lord of the Rings: Conquest,PC
The Lord of the Rings: The Battle for Middle-Earth,PC
The Lord of the Rings: The Battle for Middle-Earth II,PC
The Lord of the Rings: War in the North,PC
The Lost Chronicles of Zerzura,PC
The Movies,PC
The Next BIG Thing,PC
The Night of the Rabbit,PC
The Orange Box,PC
The Rise of the Argonauts,PC
The Saboteur,PC
The Secret World,PC
The Settlers 7: Paths to a Kingdom,PC
The Settlers II 10th Anniversary,PC
The Settlers IV,PC
The Settlers: Rise of an Empire,PC
The Sims,PC
The Sims 2,PC
The Sims 2: Apartment Life,PC
The Sims 2: Bon Voyage,PC
The Sims 2: Family Fun Stuff,PC
The Sims 2: Glamour Life Stuff,PC
The Sims 2: Happy Holiday Stuff,PC
The Sims 2: Ikea Home Stuff,PC
The Sims 2: Nightlife,PC
The Sims 2: Open for Business,PC
The Sims 2: Pets,PC
The Sims 2: Seasons,PC
The Sims 2: University,PC
The Sims 3,PC
The Sims 3: Ambitions,PC
The Sims 3: Barnacle Bay,PC
The Sims 3: Fast Lane Stuff,PC
The Sims 3: Generations,PC
The Sims 3: High-End Loft Stuff,PC
The Sims 3: Late Night Expansion Pack,PC
The Sims 3: Outdoor Living Stuff,PC
The Sims 3: Seasons,PC
The Sims 3: Town Life Stuff,PC
The Sims 3: World Adventures,PC
The Sims 4,PC
The Sims 4: City Living,PC
The Sims 4: Get Together,PC
The Sims 4: Luxury Party Stuff,PC
The Sims 4: Spa Day,PC
The Sims Deluxe,PC
The Sims Medieval: Pirates and Nobles,PC
The Sims: Complete Collection,PC
The Sims: Hot Date,PC
The Sims: House Party,PC
The Sims: Livin Large,PC
The Sims: Makin' Magic,PC
The Sims: Medieval,PC
The Sims: Superstar,PC
The Sims: Unleashed,PC
The Sims: Vacation,PC
The Stronghold Collection,PC
The Technomancer,PC
The Testament of Sherlock Holmes,PC
The Train Giant,PC
The Treasures of Mystery Island 3 Pack - Save Mystery Island!,PC
The Void,PC
The Walking Dead: Season One,PC
The Whispered World,PC
The Witcher,PC
The Witcher 2: Assassins of Kings,PC
The Witcher 3: Wild Hunt,PC
The Witcher: Enhanced Edition,PC
Theatre Of War,PC
Theme Hospital,PC
Thief (2014),PC
Tiger Woods PGA Tour 2005,PC
TimeShift,PC
Titan Quest,PC
Titanfall,PC
Titanfall 2,PC
TOCA Race Driver 3,PC
Tom Clancy's EndWar,PC
Tom Clancy's Ghost Recon: Future Soldier,PC
Tom Clancy's HAWX,PC
Tom Clancy's HAWX 2,PC
Tom Clancy's Rainbow Six: Siege,PC
Tom Clancy's Rainbow Six: Vegas 2,PC
Tom Clancy's Splinter Cell: Blacklist,PC
Tom Clancy's Splinter Cell: Conviction,PC
Tom Clancy's The Division,PC
Tomb Raider,PC
Tomb Raider (2013),PC
Tomb Raider II,PC
Tomb Raider III: Adventures of Lara Croft,PC
Tomb Raider: Anniversary,PC
Tomb Raider: Legend,PC
Tomb Raider: The Last Revelation,PC
Tomb Raider: Underworld,PC
Torchlight,PC
Total War Attila: Tyrants & Kings,PC
Total War: Attila,PC
Total War: Rome II,PC
Total War: Shogun 2,PC
Total War: Shogun 2 - Fall of the Samurai,PC
Total War: WARHAMMER,PC
Totally Spies! Totally Party,PC
TrackMania Turbo,PC
Train Simulator 2016,PC
Transformers: Devastation,PC
Transformers: Fall of Cybertron,PC
"Transformers: Revenge of the Fallen (XBox 360, PS3, & PC Versions)",PC
"Transformers: War for Cybertron (XBox 360, PS3, & PC Versions)",PC
Transport Fever,PC
Trapped Dead,PC
Trials Fusion,PC
Trine,PC
Trine 2,PC
TRON: Evolution,PC
Tropico 3,PC
Tropico 3: Gold Edition,PC
Tropico 4,PC
Tropico 4: Modern Times,PC
Tropico 5,PC
Tropico Reloaded,PC
Turok,PC
Two Worlds II,PC
Tycoon City: New York,PC
UFO: Trilogy,PC
UK Truck Simulator,PC
Unreal Anthology,PC
Unreal Tournament 2003,PC
Unreal Tournament 2004,PC
Unreal Tournament III,PC
Uru: Ages Beyond Myst,PC
Valentino Rossi: The Game,PC
Venetica,PC
Vietcong,PC
Virtua Tennis 3,PC
Virtua Tennis 4,PC
Viva Pinata,PC
Voodoo Chronicles: First Sign,PC
Wall-E,PC
War for the Overworld,PC
War Leaders: Clash of Nations,PC
Warcraft II: Tides of Darkness,PC
Warcraft III: Reign of Chaos,PC
Warcraft III: The Frozen Throne,PC
Warcraft: Orcs & Humans,PC
"Warhammer 40,000: Dawn of War",PC
"Warhammer 40,000: Dawn of War II",PC
"Warhammer 40,000: Dawn of War II - Chaos Rising",PC
"Warhammer 40,000: Dawn of War II - Retribution",PC
"Warhammer 40,000: Dawn of War: Soulstorm",PC
"Warhammer 40,000: Space Marine",PC
Warhammer Online: Age of Reckoning,PC
Warhammer: Mark of Chaos,PC
Wasteland 2,PC
Watch Dogs,PC
Who wants to be a millionaire,PC
Wildlife Park 3,PC
Wildstar,PC
Winning Eleven: Pro Evolution Soccer 2007,PC
Wolfenstein,PC
Wolfenstein: The New Order,PC
Wolfenstein: The Old Blood,PC
World in Conflict,PC
World in Conflict: Complete Edition,PC
World of Goo,PC
World of Tanks,PC
World of Warcraft,PC
World of Warcraft: Cataclysm,PC
World of Warcraft: Legion,PC
World of Warcraft: Mists of Pandaria,PC
World of Warcraft: The Burning Crusade,PC
World of Warcraft: Warlords of Draenor,PC
World of Warcraft: Wrath of the Lich King,PC
World of Zoo,PC
WorldShift,PC
Worldwide Soccer Manager 2006,PC
Worldwide Soccer Manager 2007,PC
Worldwide Soccer Manager 2008,PC
Worldwide Soccer Manager 2009,PC
Worms 2,PC
Worms Reloaded,PC
Worms World Party,PC
Worms: Ultimate Mayhem,PC
WRC 2: FIA World Rally Championship,PC
WRC: FIA World Rally Championship,PC
X Rebirth,PC
X3: Terran Conflict,PC
X3: Terran War Pack,PC
XCOM 2,PC
XCOM: Enemy Unknown,PC
X-Men Origins: Wolverine - Uncaged Edition,PC
X-Plane 10 Global,PC
You Don't Know Jack,PC
Zoo Tycoon,PC
Zoo Tycoon 2,PC
Zoo Tycoon 2: Ultimate Collection,PC
Zoo Tycoon: Complete Collection,PC
